image_id,multi_label_vector
1,"[0, 1, 0, 0, 0, 1]"
2,"[0, 0, 0, 0, 0, 1]"
3,"[0, 0, 0, 0, 0, 1]"
4,"[0, 0, 0, 0, 0, 1]"
5,"[0, 0, 0, 0, 0, 1]"
6,"[0, 0, 0, 0, 0, 1]"
7,"[0, 0, 0, 0, 0, 1]"
8,"[0, 0, 1, 0, 0, 1]"
9,"[1, 1, 0, 0, 0, 1]"
10,"[0, 0, 0, 0, 0, 1]"
11,"[0, 0, 0, 0, 0, 1]"
14,"[1, 1, 0, 0, 0, 1]"
18,"[0, 1, 0, 0, 0, 0]"
19,"[0, 1, 0, 0, 0, 0]"
20,"[0, 1, 0, 0, 0, 0]"
21,"[0, 1, 0, 0, 0, 0]"
22,"[0, 1, 1, 0, 0, 0]"
26,"[0, 1, 0, 0, 0, 0]"
27,"[0, 1, 0, 0, 0, 0]"
28,"[1, 0, 0, 0, 0, 0]"
29,"[1, 0, 0, 0, 1, 0]"
30,"[0, 1, 0, 0, 0, 0]"
31,"[0, 1, 0, 0, 0, 0]"
32,"[0, 0, 1, 0, 0, 0]"
36,"[0, 1, 0, 0, 0, 0]"
37,"[0, 1, 0, 0, 0, 1]"
39,"[1, 1, 1, 0, 1, 1]"
41,"[0, 0, 0, 1, 0, 0]"
43,"[0, 1, 0, 0, 0, 0]"
45,"[1, 1, 1, 0, 0, 0]"
46,"[0, 1, 0, 0, 0, 0]"
48,"[1, 0, 0, 1, 0, 0]"
49,"[0, 1, 1, 0, 1, 1]"
50,"[0, 1, 0, 0, 0, 0]"
51,"[0, 0, 0, 1, 0, 0]"
52,"[0, 1, 0, 0, 1, 0]"
53,"[0, 0, 0, 0, 0, 1]"
55,"[0, 0, 0, 0, 0, 1]"
56,"[0, 0, 0, 0, 0, 1]"
61,"[0, 0, 0, 1, 0, 0]"
62,"[1, 0, 0, 0, 1, 0]"
63,"[1, 1, 0, 0, 1, 0]"
64,"[0, 1, 0, 0, 0, 0]"
65,"[0, 1, 0, 0, 0, 0]"
66,"[1, 1, 1, 0, 0, 0]"
67,"[1, 0, 0, 0, 0, 0]"
68,"[0, 0, 0, 1, 0, 0]"
69,"[1, 0, 0, 0, 1, 0]"
70,"[0, 1, 0, 0, 0, 0]"
71,"[1, 0, 0, 0, 1, 0]"
72,"[0, 1, 0, 0, 0, 0]"
73,"[0, 1, 0, 0, 0, 0]"
74,"[1, 0, 0, 0, 1, 0]"
75,"[1, 0, 0, 0, 0, 0]"
76,"[1, 0, 0, 0, 0, 0]"
77,"[0, 0, 0, 0, 1, 0]"
78,"[1, 0, 0, 0, 1, 0]"
79,"[1, 0, 0, 0, 0, 0]"
81,"[1, 0, 0, 0, 1, 0]"
85,"[1, 0, 0, 0, 1, 0]"
87,"[1, 1, 1, 0, 0, 0]"
92,"[1, 0, 0, 0, 0, 0]"
93,"[1, 0, 0, 0, 0, 1]"
94,"[1, 0, 0, 0, 1, 0]"
95,"[1, 1, 0, 0, 0, 0]"
96,"[1, 1, 1, 0, 0, 0]"
98,"[1, 0, 0, 0, 0, 0]"
99,"[1, 0, 0, 0, 1, 0]"
100,"[0, 0, 1, 0, 1, 0]"
101,"[1, 0, 0, 0, 0, 0]"
104,"[0, 0, 0, 0, 0, 1]"
108,"[1, 0, 1, 0, 1, 0]"
111,"[0, 1, 0, 0, 0, 0]"
112,"[1, 1, 0, 0, 0, 0]"
113,"[1, 1, 0, 0, 0, 0]"
114,"[0, 1, 0, 0, 0, 0]"
115,"[0, 1, 0, 0, 0, 0]"
116,"[1, 1, 0, 0, 0, 0]"
117,"[1, 1, 0, 0, 0, 0]"
118,"[1, 1, 0, 0, 0, 1]"
119,"[1, 1, 1, 0, 0, 0]"
120,"[0, 1, 0, 0, 0, 0]"
121,"[0, 1, 0, 0, 0, 0]"
122,"[0, 1, 0, 0, 0, 0]"
123,"[0, 0, 0, 0, 0, 1]"
124,"[0, 0, 0, 0, 0, 1]"
125,"[0, 0, 0, 0, 0, 1]"
126,"[1, 1, 0, 0, 0, 1]"
127,"[1, 0, 1, 0, 1, 0]"
129,"[1, 1, 1, 0, 0, 0]"
131,"[0, 1, 0, 0, 0, 0]"
132,"[1, 1, 0, 0, 0, 0]"
133,"[1, 1, 0, 0, 0, 0]"
134,"[1, 1, 0, 0, 1, 1]"
135,"[1, 1, 0, 0, 0, 0]"
138,"[0, 0, 0, 1, 0, 0]"
139,"[0, 0, 0, 1, 0, 0]"
140,"[0, 0, 0, 1, 0, 0]"
141,"[0, 0, 0, 0, 1, 0]"
142,"[1, 0, 0, 0, 1, 0]"
143,"[0, 0, 0, 1, 0, 0]"
144,"[0, 0, 0, 1, 0, 0]"
145,"[0, 0, 0, 0, 1, 0]"
147,"[0, 1, 0, 0, 0, 0]"
148,"[0, 1, 0, 0, 0, 0]"
150,"[1, 1, 1, 0, 0, 0]"
151,"[0, 0, 0, 0, 1, 0]"
153,"[1, 0, 1, 0, 1, 0]"
154,"[0, 0, 0, 1, 0, 0]"
155,"[1, 1, 0, 0, 1, 0]"
158,"[1, 1, 0, 0, 1, 0]"
160,"[1, 1, 1, 0, 1, 0]"
161,"[1, 0, 0, 1, 0, 0]"
162,"[0, 0, 1, 0, 1, 0]"
163,"[1, 0, 0, 0, 0, 0]"
164,"[1, 0, 0, 0, 1, 0]"
168,"[0, 0, 0, 1, 0, 0]"
169,"[0, 0, 0, 1, 0, 0]"
170,"[0, 0, 0, 1, 0, 0]"
171,"[0, 0, 0, 1, 0, 0]"
172,"[0, 0, 0, 1, 0, 0]"
173,"[0, 0, 0, 1, 0, 0]"
174,"[0, 0, 0, 1, 0, 0]"
178,"[0, 0, 0, 1, 0, 0]"
179,"[0, 0, 0, 1, 0, 0]"
180,"[0, 0, 0, 1, 0, 0]"
181,"[0, 0, 0, 1, 0, 0]"
182,"[0, 0, 0, 1, 0, 0]"
183,"[0, 0, 0, 1, 0, 0]"
184,"[0, 0, 0, 1, 0, 0]"
188,"[0, 0, 1, 1, 1, 0]"
189,"[0, 0, 0, 0, 1, 0]"
190,"[0, 0, 0, 0, 1, 0]"
194,"[1, 1, 0, 0, 1, 0]"
195,"[1, 1, 0, 0, 1, 0]"
196,"[0, 0, 0, 1, 0, 0]"
197,"[0, 0, 0, 1, 0, 0]"
198,"[0, 0, 0, 1, 0, 0]"
199,"[0, 0, 0, 0, 1, 0]"
200,"[0, 0, 0, 1, 0, 0]"
201,"[0, 0, 0, 1, 0, 0]"
202,"[0, 0, 0, 1, 0, 0]"
203,"[0, 0, 0, 1, 0, 0]"
207,"[0, 0, 0, 1, 0, 0]"
208,"[0, 0, 0, 1, 0, 0]"
209,"[0, 0, 0, 1, 0, 0]"
210,"[1, 0, 0, 1, 0, 0]"
211,"[0, 0, 0, 1, 0, 0]"
212,"[0, 0, 0, 1, 0, 0]"
213,"[1, 0, 0, 1, 0, 0]"
217,"[0, 0, 0, 1, 0, 0]"
218,"[0, 0, 0, 1, 0, 0]"
219,"[0, 0, 0, 1, 0, 0]"
220,"[0, 0, 0, 1, 0, 0]"
221,"[0, 0, 0, 1, 0, 0]"
222,"[0, 0, 0, 1, 0, 0]"
223,"[0, 0, 0, 1, 0, 0]"
227,"[0, 0, 0, 1, 0, 0]"
228,"[0, 0, 0, 1, 0, 0]"
229,"[0, 0, 0, 1, 0, 0]"
230,"[0, 0, 0, 1, 0, 0]"
231,"[0, 0, 0, 1, 0, 0]"
232,"[0, 0, 0, 1, 0, 0]"
234,"[1, 1, 0, 0, 0, 0]"
236,"[1, 1, 0, 0, 1, 0]"
238,"[1, 1, 0, 0, 1, 0]"
240,"[0, 1, 0, 0, 0, 0]"
245,"[0, 0, 0, 1, 0, 0]"
246,"[0, 0, 0, 1, 0, 0]"
247,"[1, 0, 0, 0, 0, 0]"
248,"[0, 0, 0, 1, 0, 0]"
249,"[0, 0, 0, 1, 0, 0]"
250,"[0, 0, 0, 1, 0, 0]"
251,"[0, 0, 0, 1, 0, 0]"
252,"[0, 0, 0, 1, 0, 0]"
256,"[0, 0, 0, 1, 0, 0]"
257,"[1, 0, 0, 1, 0, 0]"
258,"[0, 0, 0, 1, 0, 0]"
261,"[0, 0, 0, 1, 0, 0]"
262,"[0, 0, 0, 1, 0, 0]"
263,"[0, 0, 0, 1, 0, 0]"
264,"[1, 0, 0, 1, 0, 0]"
265,"[1, 0, 0, 1, 0, 0]"
266,"[0, 0, 0, 1, 0, 0]"
269,"[1, 0, 0, 1, 0, 0]"
273,"[0, 0, 0, 0, 1, 0]"
274,"[0, 0, 0, 0, 1, 0]"
275,"[0, 1, 0, 0, 1, 0]"
276,"[0, 1, 1, 0, 1, 0]"
277,"[0, 0, 0, 0, 1, 0]"
279,"[0, 0, 0, 1, 0, 0]"
280,"[0, 0, 0, 1, 0, 0]"
281,"[0, 1, 0, 0, 1, 0]"
282,"[0, 0, 0, 1, 0, 0]"
283,"[0, 0, 0, 1, 0, 0]"
284,"[1, 0, 1, 0, 1, 0]"
285,"[0, 0, 0, 1, 0, 0]"
286,"[0, 0, 0, 1, 0, 0]"
287,"[0, 0, 0, 1, 0, 0]"
291,"[1, 0, 0, 1, 1, 0]"
292,"[1, 0, 0, 1, 1, 0]"
295,"[1, 1, 0, 0, 1, 0]"
296,"[0, 0, 0, 0, 1, 0]"
298,"[1, 0, 0, 0, 1, 0]"
302,"[1, 0, 0, 0, 1, 0]"
303,"[0, 1, 1, 0, 0, 1]"
304,"[0, 0, 0, 0, 0, 1]"
305,"[0, 0, 0, 1, 0, 0]"
306,"[0, 0, 0, 1, 0, 0]"
307,"[0, 0, 0, 1, 0, 0]"
308,"[0, 0, 0, 1, 0, 0]"
309,"[0, 0, 0, 1, 0, 0]"
313,"[1, 0, 0, 1, 0, 0]"
314,"[0, 0, 0, 1, 0, 0]"
315,"[0, 0, 0, 1, 0, 0]"
316,"[0, 0, 0, 1, 0, 0]"
317,"[0, 0, 0, 1, 0, 0]"
318,"[0, 0, 0, 1, 0, 0]"
319,"[0, 0, 0, 1, 0, 0]"
323,"[1, 0, 0, 1, 0, 0]"
324,"[1, 0, 0, 1, 0, 0]"
325,"[0, 0, 0, 1, 0, 0]"
326,"[0, 0, 0, 1, 0, 0]"
327,"[0, 0, 0, 1, 0, 0]"
328,"[0, 0, 0, 1, 0, 0]"
329,"[0, 0, 0, 1, 0, 0]"
333,"[0, 0, 0, 1, 0, 0]"
334,"[0, 0, 0, 1, 0, 0]"
335,"[0, 0, 0, 1, 0, 0]"
336,"[0, 0, 0, 1, 0, 0]"
337,"[0, 0, 0, 1, 0, 0]"
338,"[0, 0, 0, 1, 0, 0]"
339,"[0, 0, 0, 1, 0, 0]"
344,"[0, 0, 0, 1, 0, 0]"
345,"[1, 0, 1, 0, 1, 0]"
346,"[0, 0, 0, 0, 0, 1]"
349,"[0, 0, 1, 0, 0, 0]"
351,"[1, 1, 0, 0, 0, 0]"
357,"[1, 1, 0, 0, 0, 0]"
358,"[0, 1, 1, 0, 0, 0]"
359,"[0, 0, 1, 0, 0, 0]"
360,"[0, 1, 0, 0, 0, 0]"
361,"[1, 1, 0, 0, 0, 0]"
362,"[1, 1, 0, 0, 0, 0]"
363,"[1, 0, 0, 0, 0, 0]"
364,"[1, 1, 0, 0, 0, 0]"
365,"[1, 0, 0, 0, 0, 0]"
366,"[1, 1, 0, 0, 0, 0]"
367,"[0, 1, 0, 0, 0, 0]"
368,"[0, 1, 0, 0, 0, 0]"
369,"[0, 1, 0, 0, 0, 0]"
370,"[0, 0, 0, 1, 0, 0]"
371,"[1, 0, 0, 0, 1, 0]"
372,"[1, 1, 0, 0, 0, 0]"
373,"[1, 0, 0, 0, 0, 0]"
374,"[1, 1, 1, 0, 1, 0]"
375,"[0, 0, 0, 1, 0, 0]"
377,"[0, 0, 1, 0, 0, 0]"
379,"[0, 1, 0, 0, 0, 0]"
380,"[1, 1, 0, 0, 0, 0]"
382,"[1, 1, 0, 0, 1, 0]"
383,"[0, 1, 1, 0, 1, 0]"
384,"[0, 0, 1, 0, 1, 0]"
386,"[1, 1, 1, 0, 1, 0]"
388,"[1, 0, 1, 0, 0, 0]"
389,"[1, 1, 0, 0, 0, 0]"
390,"[1, 0, 0, 1, 0, 0]"
391,"[0, 0, 1, 0, 0, 0]"
392,"[1, 0, 0, 0, 0, 0]"
393,"[1, 0, 1, 1, 0, 0]"
394,"[0, 1, 0, 0, 0, 0]"
395,"[1, 0, 0, 1, 1, 0]"
396,"[0, 1, 1, 0, 0, 0]"
397,"[0, 0, 0, 0, 1, 0]"
398,"[0, 0, 0, 1, 0, 0]"
399,"[1, 1, 0, 1, 0, 0]"
401,"[1, 1, 0, 0, 1, 0]"
402,"[1, 0, 0, 0, 1, 0]"
403,"[1, 0, 1, 0, 1, 0]"
406,"[1, 1, 0, 0, 1, 0]"
408,"[1, 1, 0, 0, 1, 0]"
409,"[0, 1, 0, 0, 0, 0]"
410,"[1, 0, 0, 0, 0, 0]"
411,"[1, 1, 1, 0, 1, 1]"
412,"[1, 1, 0, 0, 1, 0]"
413,"[1, 0, 0, 0, 0, 0]"
414,"[0, 1, 0, 0, 0, 0]"
416,"[1, 1, 0, 0, 1, 0]"
419,"[0, 1, 0, 0, 1, 0]"
420,"[0, 1, 0, 0, 1, 0]"
421,"[0, 0, 0, 1, 0, 0]"
425,"[0, 0, 0, 0, 1, 0]"
428,"[1, 0, 0, 0, 1, 0]"
429,"[1, 1, 0, 0, 1, 0]"
430,"[0, 1, 1, 0, 1, 0]"
431,"[1, 0, 0, 0, 0, 0]"
432,"[1, 0, 0, 1, 0, 0]"
434,"[0, 0, 0, 1, 0, 0]"
435,"[0, 0, 0, 1, 0, 0]"
436,"[0, 0, 1, 0, 1, 0]"
437,"[1, 0, 0, 0, 0, 0]"
438,"[1, 1, 0, 0, 0, 0]"
440,"[1, 1, 0, 0, 0, 0]"
441,"[1, 1, 0, 0, 0, 0]"
442,"[1, 0, 0, 0, 0, 0]"
443,"[1, 0, 1, 0, 0, 0]"
444,"[1, 1, 0, 0, 1, 0]"
446,"[1, 0, 0, 0, 0, 0]"
447,"[1, 1, 0, 0, 0, 0]"
448,"[0, 1, 0, 0, 0, 0]"
449,"[0, 1, 0, 0, 0, 0]"
450,"[0, 1, 0, 0, 0, 0]"
451,"[0, 1, 0, 0, 0, 0]"
453,"[0, 1, 0, 0, 0, 0]"
455,"[0, 1, 0, 0, 0, 0]"
456,"[1, 1, 0, 0, 0, 0]"
457,"[1, 0, 0, 0, 0, 0]"
458,"[1, 1, 1, 0, 0, 0]"
459,"[1, 0, 0, 0, 0, 0]"
460,"[1, 0, 1, 0, 1, 0]"
461,"[1, 0, 1, 0, 1, 0]"
462,"[1, 0, 0, 1, 0, 0]"
463,"[0, 0, 0, 0, 0, 1]"
464,"[0, 0, 0, 1, 0, 0]"
465,"[0, 0, 0, 1, 0, 0]"
467,"[1, 1, 0, 0, 1, 0]"
471,"[0, 0, 0, 1, 0, 0]"
472,"[0, 0, 0, 1, 0, 0]"
473,"[0, 0, 0, 1, 0, 0]"
474,"[0, 0, 0, 1, 0, 0]"
476,"[0, 1, 0, 0, 0, 0]"
477,"[0, 1, 0, 0, 0, 0]"
478,"[0, 1, 0, 0, 0, 0]"
479,"[0, 1, 0, 0, 0, 0]"
480,"[1, 1, 0, 0, 0, 0]"
484,"[1, 0, 0, 0, 1, 0]"
485,"[1, 1, 1, 0, 1, 0]"
486,"[1, 1, 0, 0, 0, 0]"
487,"[0, 1, 0, 0, 0, 0]"
489,"[1, 0, 0, 0, 0, 0]"
490,"[1, 0, 0, 0, 1, 0]"
494,"[1, 1, 1, 0, 1, 0]"
496,"[1, 0, 0, 0, 0, 0]"
498,"[1, 0, 0, 0, 0, 0]"
499,"[1, 0, 0, 0, 0, 0]"
500,"[1, 0, 0, 0, 1, 0]"
501,"[1, 1, 0, 0, 1, 0]"
502,"[1, 1, 1, 0, 1, 0]"
503,"[1, 1, 0, 0, 1, 0]"
504,"[0, 1, 0, 0, 0, 0]"
505,"[1, 1, 1, 0, 1, 0]"
506,"[1, 1, 1, 0, 1, 0]"
507,"[0, 1, 0, 0, 0, 0]"
508,"[1, 0, 0, 0, 0, 0]"
509,"[0, 0, 1, 0, 0, 0]"
510,"[0, 0, 1, 0, 0, 0]"
511,"[1, 1, 0, 0, 0, 0]"
512,"[0, 1, 0, 1, 0, 0]"
518,"[1, 1, 0, 0, 0, 0]"
519,"[1, 0, 1, 0, 0, 0]"
522,"[1, 1, 1, 0, 1, 0]"
523,"[0, 1, 0, 0, 0, 0]"
525,"[0, 1, 0, 0, 0, 0]"
526,"[1, 0, 0, 1, 0, 0]"
527,"[1, 1, 0, 0, 1, 0]"
528,"[0, 0, 0, 0, 1, 0]"
529,"[1, 0, 0, 0, 1, 0]"
530,"[1, 1, 0, 0, 0, 0]"
533,"[0, 1, 0, 0, 0, 0]"
534,"[0, 1, 0, 0, 0, 0]"
535,"[0, 1, 0, 0, 1, 0]"
536,"[1, 1, 1, 0, 0, 0]"
539,"[1, 0, 0, 0, 1, 0]"
540,"[1, 0, 0, 0, 1, 0]"
543,"[0, 0, 0, 1, 0, 0]"
545,"[1, 0, 1, 0, 0, 1]"
546,"[1, 0, 0, 0, 0, 0]"
547,"[1, 0, 0, 0, 0, 0]"
548,"[1, 0, 0, 0, 0, 0]"
549,"[1, 0, 0, 0, 0, 0]"
551,"[0, 1, 0, 0, 0, 0]"
553,"[1, 1, 0, 0, 1, 0]"
554,"[0, 1, 1, 0, 0, 0]"
555,"[1, 0, 0, 0, 0, 0]"
556,"[0, 1, 0, 0, 0, 0]"
557,"[1, 0, 0, 0, 0, 0]"
558,"[1, 0, 0, 0, 0, 0]"
559,"[0, 1, 0, 0, 0, 0]"
560,"[0, 1, 0, 0, 0, 0]"
562,"[1, 1, 0, 0, 0, 0]"
563,"[1, 0, 1, 0, 0, 0]"
564,"[1, 1, 0, 0, 0, 0]"
566,"[1, 1, 1, 0, 0, 0]"
568,"[1, 0, 0, 0, 0, 0]"
569,"[0, 1, 0, 0, 1, 0]"
574,"[1, 1, 1, 0, 1, 0]"
580,"[0, 0, 0, 0, 1, 0]"
581,"[1, 0, 0, 0, 0, 0]"
582,"[1, 0, 0, 0, 0, 0]"
583,"[0, 1, 0, 0, 0, 0]"
584,"[0, 1, 0, 0, 0, 0]"
585,"[0, 1, 0, 0, 0, 0]"
586,"[0, 0, 0, 0, 0, 1]"
587,"[0, 0, 0, 0, 0, 1]"
588,"[0, 0, 0, 0, 0, 1]"
590,"[1, 0, 0, 0, 0, 0]"
591,"[1, 0, 0, 0, 0, 0]"
592,"[0, 0, 0, 1, 0, 0]"
593,"[1, 1, 0, 0, 0, 0]"
594,"[1, 1, 0, 0, 0, 0]"
596,"[0, 0, 0, 0, 0, 1]"
597,"[0, 0, 0, 0, 0, 1]"
598,"[0, 0, 0, 0, 0, 1]"
599,"[0, 0, 0, 0, 0, 1]"
600,"[0, 0, 0, 0, 0, 1]"
601,"[0, 0, 0, 0, 0, 1]"
602,"[0, 0, 0, 0, 0, 1]"
606,"[1, 0, 1, 0, 0, 0]"
607,"[1, 0, 0, 0, 0, 0]"
608,"[1, 1, 1, 0, 1, 0]"
609,"[0, 1, 0, 0, 1, 0]"
610,"[1, 0, 0, 0, 1, 0]"
612,"[0, 1, 1, 0, 1, 0]"
613,"[0, 0, 0, 1, 0, 0]"
615,"[1, 0, 0, 0, 0, 0]"
616,"[1, 0, 0, 0, 0, 0]"
617,"[0, 0, 0, 0, 0, 1]"
618,"[0, 1, 0, 0, 0, 0]"
619,"[0, 1, 0, 0, 0, 0]"
620,"[0, 1, 0, 0, 0, 0]"
621,"[0, 1, 0, 0, 0, 0]"
622,"[0, 1, 1, 0, 0, 0]"
623,"[0, 0, 0, 0, 0, 1]"
624,"[1, 1, 0, 0, 0, 0]"
627,"[0, 0, 0, 0, 0, 1]"
628,"[0, 0, 0, 0, 0, 1]"
629,"[0, 1, 1, 0, 0, 0]"
630,"[0, 1, 0, 0, 0, 0]"
633,"[0, 0, 0, 1, 0, 0]"
634,"[0, 0, 0, 1, 0, 0]"
635,"[0, 1, 0, 0, 0, 0]"
636,"[0, 1, 0, 0, 0, 0]"
637,"[1, 1, 0, 0, 0, 0]"
639,"[0, 0, 0, 0, 1, 0]"
642,"[0, 1, 0, 0, 0, 0]"
643,"[0, 1, 0, 0, 0, 0]"
644,"[0, 1, 0, 0, 0, 0]"
645,"[0, 1, 1, 0, 0, 0]"
646,"[0, 1, 0, 0, 0, 0]"
647,"[0, 1, 1, 0, 0, 0]"
649,"[0, 1, 0, 0, 0, 0]"
650,"[0, 1, 0, 0, 0, 0]"
651,"[0, 1, 0, 0, 0, 0]"
652,"[0, 1, 0, 0, 0, 0]"
654,"[0, 1, 0, 0, 0, 0]"
656,"[0, 0, 0, 0, 0, 1]"
657,"[0, 0, 0, 0, 1, 0]"
658,"[0, 0, 0, 0, 0, 1]"
662,"[0, 0, 0, 0, 0, 1]"
663,"[0, 1, 0, 0, 0, 0]"
664,"[0, 0, 0, 0, 0, 1]"
665,"[0, 0, 0, 0, 0, 1]"
666,"[0, 0, 0, 0, 0, 1]"
667,"[0, 0, 0, 0, 0, 1]"
668,"[0, 0, 0, 0, 0, 1]"
669,"[0, 0, 0, 0, 0, 1]"
673,"[0, 0, 0, 0, 0, 1]"
674,"[0, 0, 0, 0, 0, 1]"
675,"[0, 0, 0, 0, 0, 1]"
676,"[0, 0, 0, 0, 0, 1]"
677,"[1, 1, 0, 1, 0, 0]"
679,"[0, 1, 0, 0, 0, 0]"
680,"[0, 1, 0, 0, 0, 0]"
681,"[1, 0, 0, 0, 0, 0]"
682,"[1, 1, 0, 0, 0, 0]"
683,"[1, 1, 1, 0, 0, 0]"
684,"[1, 1, 0, 0, 0, 0]"
685,"[0, 0, 1, 0, 1, 0]"
686,"[0, 1, 0, 0, 0, 0]"
688,"[1, 0, 0, 0, 1, 0]"
689,"[1, 0, 0, 0, 1, 0]"
690,"[1, 1, 0, 0, 1, 0]"
691,"[0, 0, 0, 0, 1, 0]"
692,"[0, 1, 0, 0, 1, 0]"
694,"[0, 1, 0, 0, 0, 0]"
695,"[1, 0, 1, 0, 0, 0]"
697,"[1, 1, 0, 0, 0, 0]"
701,"[0, 0, 0, 0, 0, 1]"
705,"[0, 0, 0, 1, 0, 0]"
706,"[0, 0, 0, 1, 0, 0]"
708,"[0, 1, 0, 0, 0, 0]"
709,"[0, 1, 0, 0, 0, 0]"
710,"[0, 1, 0, 0, 0, 0]"
711,"[0, 0, 0, 1, 0, 0]"
712,"[0, 0, 0, 0, 0, 1]"
713,"[0, 0, 0, 0, 0, 1]"
714,"[0, 1, 0, 0, 0, 1]"
715,"[0, 0, 0, 0, 0, 1]"
716,"[0, 1, 0, 0, 0, 0]"
717,"[0, 1, 0, 0, 0, 0]"
718,"[0, 0, 0, 0, 0, 1]"
719,"[0, 0, 0, 0, 0, 1]"
723,"[0, 0, 0, 0, 0, 1]"
724,"[0, 0, 0, 0, 0, 1]"
725,"[0, 0, 0, 0, 0, 1]"
726,"[0, 0, 0, 0, 0, 1]"
727,"[0, 0, 0, 0, 0, 1]"
728,"[0, 0, 0, 0, 0, 1]"
729,"[0, 0, 0, 0, 0, 1]"
733,"[0, 0, 0, 0, 0, 1]"
734,"[0, 0, 0, 0, 0, 1]"
735,"[0, 0, 0, 0, 0, 1]"
736,"[0, 0, 0, 0, 0, 1]"
737,"[0, 0, 0, 0, 0, 1]"
738,"[0, 0, 0, 0, 0, 1]"
739,"[0, 0, 0, 0, 0, 1]"
741,"[0, 0, 0, 0, 0, 1]"
742,"[0, 0, 0, 0, 0, 1]"
743,"[0, 0, 0, 0, 0, 1]"
744,"[0, 0, 0, 0, 0, 1]"
745,"[0, 0, 0, 0, 0, 1]"
746,"[0, 0, 0, 0, 0, 1]"
747,"[0, 0, 0, 0, 0, 1]"
752,"[0, 0, 0, 0, 0, 1]"
753,"[0, 1, 1, 0, 1, 0]"
754,"[1, 1, 1, 0, 1, 0]"
755,"[1, 1, 0, 0, 1, 0]"
756,"[1, 0, 0, 0, 0, 0]"
757,"[0, 1, 0, 0, 0, 0]"
758,"[0, 1, 0, 0, 0, 0]"
759,"[1, 1, 0, 0, 0, 0]"
760,"[0, 1, 0, 0, 0, 0]"
761,"[0, 1, 0, 0, 0, 0]"
762,"[0, 1, 0, 0, 0, 0]"
763,"[0, 1, 1, 0, 0, 0]"
764,"[0, 1, 0, 0, 0, 0]"
765,"[1, 0, 0, 0, 0, 0]"
768,"[0, 1, 0, 0, 1, 0]"
770,"[0, 1, 0, 0, 0, 0]"
771,"[1, 0, 0, 0, 0, 0]"
772,"[0, 0, 0, 0, 0, 1]"
773,"[0, 0, 0, 0, 0, 1]"
774,"[0, 0, 0, 0, 0, 1]"
775,"[0, 0, 0, 0, 0, 1]"
776,"[0, 0, 0, 0, 0, 1]"
777,"[0, 0, 0, 0, 0, 1]"
779,"[1, 1, 1, 0, 1, 0]"
780,"[1, 0, 1, 0, 1, 0]"
781,"[1, 0, 0, 0, 0, 1]"
782,"[1, 0, 0, 1, 0, 0]"
783,"[1, 1, 0, 1, 0, 0]"
785,"[0, 1, 1, 0, 0, 0]"
786,"[0, 0, 0, 1, 0, 0]"
788,"[0, 0, 0, 0, 1, 0]"
791,"[0, 0, 0, 1, 0, 0]"
792,"[0, 1, 0, 1, 0, 0]"
793,"[0, 1, 0, 1, 0, 0]"
794,"[0, 0, 0, 0, 0, 1]"
795,"[0, 0, 0, 0, 0, 1]"
797,"[0, 1, 0, 0, 0, 0]"
798,"[0, 1, 0, 0, 0, 0]"
799,"[0, 0, 0, 1, 0, 0]"
800,"[1, 0, 1, 0, 0, 0]"
801,"[0, 0, 0, 0, 0, 1]"
802,"[1, 0, 1, 0, 1, 0]"
803,"[0, 0, 0, 0, 0, 1]"
804,"[1, 0, 0, 0, 0, 1]"
805,"[0, 1, 1, 0, 1, 0]"
806,"[1, 1, 0, 0, 1, 0]"
807,"[1, 1, 0, 0, 0, 0]"
808,"[1, 0, 0, 0, 1, 0]"
813,"[0, 1, 0, 0, 0, 0]"
814,"[0, 1, 0, 0, 0, 0]"
815,"[1, 1, 1, 0, 1, 0]"
816,"[1, 0, 0, 0, 0, 0]"
817,"[0, 1, 0, 0, 0, 0]"
818,"[1, 1, 0, 0, 0, 0]"
819,"[1, 0, 0, 0, 0, 0]"
820,"[1, 1, 1, 0, 1, 0]"
821,"[1, 1, 0, 0, 1, 0]"
823,"[0, 1, 0, 0, 0, 0]"
826,"[0, 0, 0, 0, 0, 1]"
827,"[0, 0, 0, 0, 0, 1]"
828,"[0, 0, 0, 0, 0, 1]"
829,"[0, 0, 0, 0, 0, 1]"
830,"[0, 1, 0, 0, 0, 0]"
833,"[1, 0, 1, 1, 0, 0]"
837,"[0, 1, 0, 0, 0, 0]"
838,"[0, 1, 0, 0, 0, 0]"
839,"[0, 1, 0, 0, 0, 0]"
840,"[0, 1, 0, 0, 0, 0]"
841,"[0, 1, 0, 0, 0, 0]"
842,"[0, 1, 0, 0, 0, 0]"
843,"[0, 1, 0, 0, 0, 0]"
844,"[0, 1, 0, 0, 0, 0]"
845,"[0, 0, 1, 0, 0, 0]"
846,"[0, 0, 1, 0, 0, 0]"
847,"[0, 0, 1, 0, 0, 0]"
849,"[1, 1, 0, 0, 0, 0]"
850,"[0, 0, 0, 1, 0, 0]"
851,"[0, 0, 0, 1, 0, 0]"
854,"[0, 0, 0, 1, 0, 0]"
855,"[0, 0, 0, 1, 0, 0]"
861,"[0, 0, 0, 0, 1, 0]"
862,"[0, 0, 0, 0, 1, 0]"
863,"[1, 1, 0, 0, 0, 1]"
864,"[1, 1, 0, 0, 1, 0]"
865,"[1, 0, 0, 0, 0, 0]"
866,"[1, 0, 0, 0, 0, 0]"
867,"[1, 1, 1, 0, 0, 0]"
868,"[1, 1, 0, 0, 0, 1]"
870,"[1, 1, 0, 0, 0, 1]"
871,"[1, 1, 0, 0, 1, 0]"
872,"[1, 1, 0, 0, 0, 0]"
873,"[1, 0, 0, 0, 0, 0]"
874,"[1, 1, 0, 0, 0, 0]"
877,"[1, 1, 0, 0, 0, 0]"
878,"[1, 1, 1, 0, 0, 0]"
879,"[0, 0, 1, 0, 0, 0]"
880,"[0, 1, 1, 0, 0, 0]"
881,"[1, 1, 0, 0, 0, 0]"
882,"[1, 1, 0, 0, 0, 0]"
884,"[0, 0, 1, 0, 0, 0]"
885,"[1, 0, 0, 0, 1, 0]"
887,"[0, 0, 0, 1, 0, 0]"
888,"[0, 0, 0, 1, 0, 0]"
893,"[0, 1, 0, 0, 0, 0]"
894,"[0, 1, 0, 0, 0, 0]"
895,"[1, 1, 1, 0, 0, 0]"
896,"[1, 1, 1, 0, 0, 0]"
897,"[1, 0, 0, 0, 0, 0]"
898,"[1, 0, 0, 0, 0, 0]"
899,"[1, 0, 1, 0, 1, 0]"
900,"[0, 1, 0, 0, 0, 0]"
901,"[0, 1, 0, 0, 0, 0]"
902,"[1, 0, 0, 0, 1, 0]"
903,"[1, 0, 0, 0, 1, 0]"
904,"[1, 1, 1, 0, 1, 0]"
907,"[1, 1, 1, 0, 1, 0]"
908,"[0, 1, 0, 0, 0, 0]"
911,"[0, 1, 1, 0, 0, 0]"
912,"[1, 1, 1, 0, 0, 0]"
913,"[0, 1, 0, 0, 0, 0]"
915,"[1, 1, 0, 0, 0, 0]"
916,"[1, 0, 0, 0, 0, 0]"
917,"[1, 0, 0, 1, 0, 0]"
918,"[1, 0, 0, 1, 0, 0]"
919,"[1, 1, 0, 0, 0, 0]"
920,"[1, 0, 0, 0, 0, 0]"
921,"[1, 1, 0, 0, 1, 0]"
922,"[1, 0, 0, 0, 0, 0]"
923,"[1, 0, 0, 0, 0, 0]"
924,"[1, 0, 1, 0, 0, 0]"
925,"[1, 0, 0, 1, 0, 0]"
927,"[1, 1, 1, 0, 0, 0]"
936,"[0, 1, 0, 0, 0, 0]"
937,"[0, 1, 0, 0, 0, 0]"
938,"[1, 1, 0, 0, 1, 0]"
939,"[1, 1, 1, 0, 1, 0]"
940,"[1, 1, 1, 0, 1, 0]"
941,"[1, 1, 1, 0, 1, 0]"
942,"[1, 0, 0, 0, 0, 0]"
943,"[1, 0, 0, 0, 1, 0]"
944,"[0, 1, 0, 0, 0, 0]"
945,"[1, 0, 0, 0, 0, 0]"
946,"[1, 0, 0, 0, 0, 0]"
947,"[0, 0, 0, 0, 0, 1]"
948,"[0, 0, 0, 1, 0, 0]"
949,"[0, 0, 0, 0, 1, 0]"
951,"[1, 1, 0, 0, 1, 0]"
953,"[1, 1, 0, 0, 0, 0]"
954,"[0, 1, 0, 0, 0, 0]"
955,"[0, 1, 1, 0, 0, 0]"
956,"[1, 0, 0, 1, 0, 0]"
959,"[0, 0, 0, 0, 0, 1]"
961,"[0, 0, 0, 1, 0, 0]"
962,"[0, 0, 0, 1, 0, 0]"
963,"[1, 0, 0, 0, 0, 0]"
964,"[0, 1, 0, 1, 0, 0]"
966,"[0, 0, 0, 0, 0, 1]"
967,"[0, 0, 0, 0, 0, 1]"
968,"[0, 0, 0, 0, 0, 1]"
973,"[1, 1, 1, 0, 1, 0]"
975,"[1, 1, 1, 0, 1, 0]"
977,"[1, 0, 0, 0, 0, 0]"
978,"[1, 1, 1, 0, 0, 0]"
979,"[1, 0, 0, 0, 1, 0]"
980,"[1, 1, 0, 0, 1, 0]"
981,"[1, 1, 0, 0, 1, 0]"
982,"[1, 1, 0, 0, 0, 0]"
983,"[1, 0, 1, 0, 1, 0]"
984,"[0, 0, 0, 1, 0, 0]"
985,"[0, 0, 0, 1, 0, 0]"
986,"[1, 0, 0, 0, 0, 0]"
987,"[0, 1, 0, 0, 0, 0]"
991,"[0, 0, 1, 0, 0, 0]"
992,"[1, 1, 1, 0, 0, 0]"
993,"[0, 1, 0, 0, 0, 0]"
994,"[1, 0, 0, 0, 0, 0]"
995,"[1, 1, 0, 0, 0, 0]"
997,"[1, 1, 0, 0, 0, 0]"
998,"[0, 0, 1, 0, 0, 0]"
999,"[1, 0, 0, 0, 1, 0]"
1001,"[1, 0, 1, 0, 0, 0]"
1003,"[1, 1, 0, 0, 0, 0]"
1004,"[1, 1, 0, 0, 0, 0]"
1005,"[1, 1, 0, 0, 0, 0]"
1009,"[0, 0, 0, 0, 0, 1]"
1010,"[0, 0, 0, 0, 0, 1]"
1011,"[0, 0, 0, 0, 0, 1]"
1012,"[0, 0, 0, 0, 0, 1]"
1013,"[0, 0, 0, 0, 0, 1]"
1014,"[0, 0, 0, 0, 0, 1]"
1015,"[0, 0, 0, 0, 0, 1]"
1019,"[0, 0, 0, 0, 0, 1]"
1020,"[0, 0, 0, 0, 0, 1]"
1021,"[0, 0, 0, 0, 0, 1]"
1022,"[0, 0, 0, 0, 0, 1]"
1023,"[0, 0, 0, 0, 0, 1]"
1027,"[1, 0, 0, 0, 0, 0]"
1028,"[0, 1, 0, 0, 0, 0]"
1029,"[1, 1, 0, 0, 0, 0]"
1030,"[1, 1, 0, 0, 0, 0]"
1031,"[0, 0, 0, 1, 0, 0]"
1032,"[0, 0, 1, 0, 0, 1]"
1033,"[1, 0, 1, 0, 1, 0]"
1034,"[0, 1, 0, 0, 0, 0]"
1035,"[1, 0, 0, 0, 1, 0]"
1036,"[0, 0, 0, 1, 0, 0]"
1037,"[0, 0, 0, 1, 0, 0]"
1038,"[0, 0, 0, 0, 0, 1]"
1041,"[0, 1, 0, 0, 0, 0]"
1042,"[0, 1, 0, 0, 0, 0]"
1044,"[0, 0, 0, 0, 0, 1]"
1046,"[1, 0, 0, 0, 0, 0]"
1047,"[1, 0, 0, 0, 0, 0]"
1048,"[0, 0, 0, 0, 0, 1]"
1049,"[0, 0, 0, 1, 0, 0]"
1050,"[1, 0, 0, 0, 1, 0]"
1051,"[0, 1, 0, 0, 0, 0]"
1052,"[0, 1, 0, 0, 0, 0]"
1053,"[0, 1, 0, 0, 0, 0]"
1054,"[1, 1, 0, 0, 0, 0]"
1055,"[0, 0, 0, 0, 0, 1]"
1056,"[0, 0, 0, 0, 0, 1]"
1057,"[0, 0, 0, 0, 0, 1]"
1059,"[0, 1, 0, 0, 0, 1]"
1064,"[0, 0, 0, 0, 0, 1]"
1065,"[0, 0, 0, 0, 0, 1]"
1066,"[0, 1, 0, 0, 0, 1]"
1067,"[0, 0, 0, 0, 0, 1]"
1068,"[0, 0, 0, 0, 0, 1]"
1069,"[0, 0, 0, 0, 0, 1]"
1070,"[0, 0, 0, 0, 0, 1]"
1072,"[0, 0, 0, 0, 0, 1]"
1073,"[0, 0, 0, 0, 0, 1]"
1074,"[0, 0, 0, 0, 0, 1]"
1075,"[0, 0, 0, 0, 0, 1]"
1076,"[0, 0, 0, 0, 0, 1]"
1077,"[0, 0, 0, 0, 0, 1]"
1080,"[0, 0, 0, 0, 0, 1]"
1081,"[0, 0, 0, 0, 0, 1]"
1082,"[0, 0, 0, 0, 0, 1]"
1083,"[0, 0, 0, 0, 0, 1]"
1084,"[0, 0, 0, 0, 0, 1]"
1085,"[0, 0, 0, 0, 0, 1]"
1086,"[0, 0, 0, 0, 0, 1]"
1091,"[0, 0, 0, 0, 0, 1]"
1092,"[0, 0, 0, 0, 0, 1]"
1093,"[0, 0, 0, 0, 0, 1]"
1094,"[0, 0, 0, 0, 0, 1]"
1095,"[0, 0, 0, 0, 0, 1]"
1096,"[0, 0, 0, 0, 0, 1]"
1097,"[0, 0, 0, 0, 0, 1]"
1101,"[0, 0, 0, 0, 0, 1]"
1102,"[0, 0, 0, 0, 0, 1]"
1103,"[0, 1, 0, 0, 0, 1]"
1104,"[0, 0, 0, 1, 0, 0]"
1106,"[1, 1, 0, 0, 0, 0]"
1107,"[1, 1, 0, 0, 1, 0]"
1110,"[0, 1, 0, 0, 0, 0]"
1111,"[1, 0, 1, 0, 0, 0]"
1112,"[1, 1, 0, 0, 0, 0]"
1113,"[1, 1, 0, 0, 0, 0]"
1114,"[0, 1, 0, 0, 0, 0]"
1115,"[1, 1, 1, 0, 0, 0]"
1116,"[0, 1, 0, 0, 0, 0]"
1117,"[0, 0, 0, 1, 0, 0]"
1119,"[1, 1, 1, 0, 0, 0]"
1121,"[1, 1, 0, 0, 1, 0]"
1123,"[0, 1, 1, 0, 0, 0]"
1125,"[1, 1, 0, 0, 0, 0]"
1126,"[0, 1, 0, 0, 0, 0]"
1127,"[0, 1, 0, 0, 0, 0]"
1129,"[0, 1, 0, 0, 0, 0]"
1132,"[1, 0, 1, 1, 1, 0]"
1133,"[1, 1, 0, 0, 0, 0]"
1136,"[1, 1, 0, 0, 1, 0]"
1137,"[0, 0, 0, 0, 0, 1]"
1138,"[0, 0, 0, 0, 0, 1]"
1139,"[1, 1, 1, 0, 0, 0]"
1140,"[1, 0, 1, 0, 1, 0]"
1142,"[0, 0, 0, 0, 0, 1]"
1143,"[0, 1, 0, 0, 0, 0]"
1144,"[1, 1, 0, 0, 1, 0]"
1145,"[1, 1, 0, 0, 1, 0]"
1146,"[1, 1, 0, 0, 1, 0]"
1147,"[1, 1, 0, 0, 0, 0]"
1148,"[1, 0, 1, 0, 0, 0]"
1149,"[1, 0, 0, 0, 0, 0]"
1150,"[0, 1, 0, 0, 0, 0]"
1151,"[0, 1, 0, 0, 0, 0]"
1153,"[0, 1, 1, 0, 0, 0]"
1154,"[1, 1, 0, 0, 0, 0]"
1155,"[0, 1, 1, 0, 0, 0]"
1156,"[1, 1, 0, 0, 0, 0]"
1157,"[1, 1, 0, 0, 0, 0]"
1158,"[1, 0, 0, 0, 0, 0]"
1160,"[0, 1, 0, 0, 0, 0]"
1161,"[0, 0, 0, 1, 0, 0]"
1162,"[0, 0, 0, 0, 0, 1]"
1165,"[0, 0, 0, 0, 0, 1]"
1166,"[0, 0, 0, 0, 0, 1]"
1167,"[0, 1, 0, 0, 0, 0]"
1170,"[0, 0, 0, 0, 1, 0]"
1173,"[1, 1, 0, 0, 0, 0]"
1174,"[0, 0, 0, 1, 0, 0]"
1177,"[0, 1, 0, 0, 0, 0]"
1178,"[1, 1, 0, 0, 0, 0]"
1179,"[0, 1, 0, 0, 0, 0]"
1181,"[0, 0, 0, 0, 0, 1]"
1183,"[0, 0, 0, 0, 0, 1]"
1184,"[0, 0, 0, 1, 0, 0]"
1186,"[0, 0, 0, 0, 0, 1]"
1187,"[0, 0, 0, 1, 0, 0]"
1188,"[0, 0, 0, 1, 0, 0]"
1189,"[1, 0, 0, 0, 0, 0]"
1190,"[1, 0, 0, 0, 0, 0]"
1194,"[0, 0, 0, 1, 0, 0]"
1195,"[0, 0, 0, 0, 0, 1]"
1200,"[0, 0, 0, 0, 0, 1]"
1201,"[0, 0, 0, 0, 0, 1]"
1202,"[0, 0, 0, 0, 0, 1]"
1203,"[0, 0, 0, 0, 0, 1]"
1204,"[1, 0, 0, 0, 0, 0]"
1205,"[0, 1, 0, 0, 0, 1]"
1206,"[0, 1, 0, 0, 1, 0]"
1207,"[0, 0, 0, 1, 0, 0]"
1208,"[0, 0, 0, 1, 0, 0]"
1209,"[0, 0, 1, 0, 0, 1]"
1210,"[0, 0, 0, 0, 0, 1]"
1211,"[0, 0, 0, 0, 0, 1]"
1212,"[0, 0, 0, 0, 0, 1]"
1214,"[0, 0, 0, 0, 0, 1]"
1218,"[0, 0, 0, 1, 0, 0]"
1220,"[0, 1, 1, 0, 0, 0]"
1221,"[1, 1, 0, 0, 0, 0]"
1222,"[0, 0, 0, 1, 0, 0]"
1223,"[0, 1, 0, 0, 0, 0]"
1224,"[1, 1, 0, 0, 0, 0]"
1225,"[1, 1, 0, 0, 0, 0]"
1226,"[0, 1, 0, 0, 0, 0]"
1227,"[1, 1, 0, 0, 0, 0]"
1228,"[0, 1, 0, 0, 0, 0]"
1229,"[1, 0, 1, 0, 0, 0]"
1230,"[1, 0, 1, 0, 0, 0]"
1231,"[1, 0, 0, 0, 0, 0]"
1232,"[1, 0, 0, 1, 0, 0]"
1233,"[0, 0, 0, 0, 0, 1]"
1234,"[0, 0, 0, 0, 0, 1]"
1235,"[1, 0, 0, 0, 0, 0]"
1237,"[0, 1, 0, 0, 0, 0]"
1238,"[0, 0, 1, 0, 0, 0]"
1239,"[0, 0, 1, 0, 0, 0]"
1241,"[0, 1, 1, 0, 0, 0]"
1247,"[0, 0, 1, 0, 1, 0]"
1249,"[1, 0, 0, 0, 1, 0]"
1250,"[0, 0, 0, 0, 1, 0]"
1251,"[0, 0, 0, 0, 1, 0]"
1252,"[1, 1, 0, 0, 0, 0]"
1253,"[1, 0, 0, 0, 0, 0]"
1254,"[0, 1, 0, 0, 0, 0]"
1255,"[0, 1, 0, 0, 0, 0]"
1257,"[0, 1, 0, 0, 0, 0]"
1258,"[0, 1, 0, 0, 0, 0]"
1261,"[0, 1, 0, 0, 1, 0]"
1262,"[1, 1, 0, 0, 1, 0]"
1264,"[1, 0, 1, 0, 1, 0]"
1265,"[1, 0, 0, 0, 0, 0]"
1266,"[1, 0, 0, 1, 1, 0]"
1271,"[1, 0, 0, 0, 0, 0]"
1274,"[0, 1, 0, 0, 0, 0]"
1275,"[0, 0, 0, 0, 0, 1]"
1276,"[1, 1, 0, 0, 0, 0]"
1277,"[0, 1, 0, 0, 0, 0]"
1278,"[1, 0, 1, 0, 0, 0]"
1279,"[1, 0, 0, 0, 0, 0]"
1280,"[0, 1, 0, 0, 0, 0]"
1283,"[1, 0, 1, 0, 0, 0]"
1290,"[0, 1, 0, 0, 0, 0]"
1291,"[0, 1, 0, 0, 0, 0]"
1292,"[0, 1, 0, 0, 0, 0]"
1293,"[0, 1, 0, 0, 0, 0]"
1294,"[0, 1, 0, 0, 0, 0]"
1295,"[0, 1, 0, 0, 0, 0]"
1296,"[0, 1, 0, 0, 0, 0]"
1297,"[0, 1, 0, 0, 0, 0]"
1298,"[0, 1, 0, 0, 0, 0]"
1299,"[0, 1, 0, 0, 0, 0]"
1300,"[0, 1, 0, 0, 0, 0]"
1301,"[0, 1, 0, 0, 0, 0]"
1302,"[0, 1, 0, 0, 0, 0]"
1303,"[0, 1, 0, 0, 0, 0]"
1304,"[1, 0, 0, 0, 0, 0]"
1305,"[0, 1, 0, 0, 0, 0]"
1306,"[0, 1, 0, 0, 0, 0]"
1309,"[0, 1, 0, 0, 0, 0]"
1310,"[0, 1, 0, 0, 0, 0]"
1311,"[0, 1, 0, 0, 0, 0]"
1312,"[0, 1, 0, 0, 0, 0]"
1313,"[0, 1, 0, 0, 0, 0]"
1319,"[0, 1, 0, 0, 0, 0]"
1320,"[0, 1, 0, 0, 0, 0]"
1321,"[0, 1, 0, 0, 0, 0]"
1322,"[0, 1, 0, 0, 0, 0]"
1323,"[0, 1, 0, 0, 0, 0]"
1324,"[0, 1, 0, 0, 0, 0]"
1325,"[0, 1, 0, 0, 0, 0]"
1326,"[0, 1, 0, 0, 0, 0]"
1332,"[1, 1, 0, 0, 0, 0]"
1333,"[0, 1, 0, 0, 0, 0]"
1334,"[0, 1, 0, 0, 0, 0]"
1335,"[0, 1, 1, 0, 0, 0]"
1336,"[0, 1, 0, 0, 0, 0]"
1337,"[0, 1, 0, 0, 0, 0]"
1338,"[1, 1, 0, 0, 0, 0]"
1339,"[0, 1, 0, 0, 0, 0]"
1340,"[0, 1, 0, 0, 0, 0]"
1342,"[1, 0, 0, 0, 0, 0]"
1343,"[1, 1, 0, 0, 0, 0]"
1344,"[0, 0, 1, 0, 0, 0]"
1346,"[1, 0, 0, 0, 0, 0]"
1347,"[1, 0, 0, 0, 0, 0]"
1348,"[1, 0, 0, 0, 0, 0]"
1349,"[1, 0, 0, 0, 0, 0]"
1350,"[1, 0, 0, 0, 0, 0]"
1351,"[0, 1, 1, 0, 1, 0]"
1352,"[1, 1, 0, 0, 1, 0]"
1353,"[1, 1, 0, 0, 1, 0]"
1354,"[0, 1, 0, 0, 1, 0]"
1355,"[1, 1, 0, 0, 0, 0]"
1356,"[1, 0, 0, 0, 0, 0]"
1357,"[1, 0, 0, 0, 0, 0]"
1359,"[1, 1, 1, 0, 0, 0]"
1360,"[0, 1, 1, 0, 0, 0]"
1362,"[0, 1, 0, 0, 0, 0]"
1363,"[0, 1, 0, 0, 0, 0]"
1364,"[1, 0, 0, 0, 1, 0]"
1365,"[0, 1, 0, 0, 0, 0]"
1366,"[0, 1, 0, 0, 0, 0]"
1371,"[1, 1, 1, 0, 0, 0]"
1376,"[0, 0, 1, 0, 1, 0]"
1377,"[0, 0, 0, 1, 0, 0]"
1378,"[0, 0, 0, 1, 0, 0]"
1380,"[0, 0, 0, 1, 0, 0]"
1381,"[0, 0, 0, 1, 0, 0]"
1382,"[0, 0, 0, 1, 0, 0]"
1383,"[0, 0, 0, 0, 0, 1]"
1384,"[1, 1, 0, 0, 1, 0]"
1385,"[0, 1, 0, 0, 1, 0]"
1386,"[1, 1, 0, 0, 1, 0]"
1387,"[0, 0, 0, 0, 1, 0]"
1388,"[0, 0, 0, 0, 1, 0]"
1389,"[0, 1, 0, 0, 1, 0]"
1390,"[0, 0, 0, 0, 1, 0]"
1391,"[0, 1, 0, 0, 1, 0]"
1392,"[0, 0, 0, 0, 1, 0]"
1393,"[0, 0, 0, 0, 1, 0]"
1395,"[0, 0, 0, 0, 1, 0]"
1397,"[0, 0, 0, 0, 0, 1]"
1399,"[0, 0, 1, 0, 0, 1]"
1401,"[0, 0, 0, 1, 0, 0]"
1403,"[0, 0, 0, 0, 0, 1]"
1404,"[0, 0, 0, 0, 0, 1]"
1405,"[0, 0, 0, 0, 0, 1]"
1406,"[0, 0, 0, 0, 0, 1]"
1407,"[0, 0, 0, 0, 0, 1]"
1408,"[0, 1, 0, 0, 0, 1]"
1410,"[1, 1, 0, 0, 0, 0]"
1412,"[1, 1, 0, 0, 0, 0]"
1413,"[0, 1, 0, 0, 0, 0]"
1414,"[0, 1, 0, 0, 0, 0]"
1415,"[1, 1, 0, 0, 0, 0]"
1416,"[0, 1, 0, 0, 0, 0]"
1417,"[1, 0, 0, 1, 0, 0]"
1418,"[0, 1, 0, 0, 0, 0]"
1419,"[1, 0, 0, 0, 1, 0]"
1421,"[0, 1, 0, 0, 0, 0]"
1423,"[0, 0, 0, 1, 0, 0]"
1425,"[0, 0, 0, 0, 1, 0]"
1426,"[0, 0, 0, 0, 1, 0]"
1427,"[1, 1, 1, 0, 1, 1]"
1429,"[0, 1, 0, 0, 0, 0]"
1430,"[0, 0, 0, 1, 0, 0]"
1432,"[1, 0, 0, 0, 0, 0]"
1433,"[0, 0, 1, 0, 0, 0]"
1434,"[0, 0, 1, 0, 0, 1]"
1435,"[1, 1, 0, 0, 0, 0]"
1436,"[1, 1, 0, 0, 0, 0]"
1438,"[0, 0, 0, 0, 0, 1]"
1439,"[0, 0, 0, 0, 0, 1]"
1441,"[1, 1, 1, 0, 0, 0]"
1443,"[1, 1, 1, 0, 0, 0]"
1444,"[1, 0, 0, 0, 0, 0]"
1446,"[1, 1, 0, 0, 1, 0]"
1447,"[0, 0, 1, 0, 0, 0]"
1448,"[1, 1, 1, 0, 1, 0]"
1449,"[0, 1, 1, 0, 0, 0]"
1450,"[1, 0, 0, 0, 0, 0]"
1451,"[1, 0, 0, 0, 1, 0]"
1452,"[0, 0, 1, 0, 0, 0]"
1454,"[1, 0, 0, 0, 0, 0]"
1455,"[1, 0, 0, 0, 1, 0]"
1457,"[0, 1, 1, 0, 0, 0]"
1458,"[1, 0, 0, 1, 1, 0]"
1460,"[0, 1, 0, 0, 0, 0]"
1461,"[0, 1, 0, 0, 0, 0]"
1462,"[0, 1, 0, 0, 0, 0]"
1463,"[0, 1, 0, 0, 0, 0]"
1464,"[0, 1, 0, 0, 0, 0]"
1465,"[0, 1, 0, 0, 0, 0]"
1466,"[1, 0, 1, 0, 0, 0]"
1467,"[1, 0, 0, 0, 0, 0]"
1468,"[1, 1, 0, 0, 0, 0]"
1469,"[0, 1, 0, 0, 0, 0]"
1470,"[0, 1, 0, 0, 0, 0]"
1471,"[0, 1, 0, 0, 0, 0]"
1472,"[1, 1, 0, 0, 0, 0]"
1473,"[1, 1, 0, 0, 0, 0]"
1474,"[0, 1, 0, 0, 0, 0]"
1475,"[0, 1, 0, 0, 0, 0]"
1476,"[0, 1, 0, 0, 0, 0]"
1477,"[0, 1, 0, 0, 0, 0]"
1478,"[0, 1, 0, 0, 0, 0]"
1479,"[1, 1, 1, 0, 1, 0]"
1480,"[1, 1, 0, 0, 0, 0]"
1481,"[1, 0, 1, 0, 0, 0]"
1482,"[1, 1, 0, 0, 0, 0]"
1485,"[1, 1, 0, 0, 0, 0]"
1486,"[1, 1, 0, 0, 0, 0]"
1487,"[1, 1, 0, 0, 0, 0]"
1490,"[1, 1, 1, 0, 1, 0]"
1491,"[1, 1, 1, 0, 1, 0]"
1492,"[1, 1, 1, 0, 1, 0]"
1495,"[1, 1, 0, 0, 0, 0]"
1496,"[1, 0, 0, 0, 1, 0]"
1497,"[1, 0, 0, 0, 1, 0]"
1498,"[1, 0, 0, 0, 0, 0]"
1499,"[1, 0, 1, 0, 1, 0]"
1500,"[0, 1, 0, 0, 1, 0]"
1501,"[1, 1, 0, 0, 0, 0]"
1503,"[1, 1, 0, 0, 0, 0]"
1508,"[1, 0, 0, 0, 0, 0]"
1509,"[1, 0, 0, 0, 0, 0]"
1510,"[1, 0, 0, 0, 0, 0]"
1512,"[0, 1, 0, 0, 0, 0]"
1513,"[1, 0, 0, 0, 0, 0]"
1514,"[0, 0, 1, 0, 0, 0]"
1515,"[0, 1, 1, 0, 0, 0]"
1516,"[1, 0, 0, 0, 0, 0]"
1518,"[0, 1, 0, 0, 0, 0]"
1519,"[0, 1, 0, 0, 0, 0]"
1520,"[1, 1, 0, 0, 1, 0]"
1521,"[1, 0, 0, 0, 0, 0]"
1522,"[1, 0, 0, 0, 0, 0]"
1523,"[1, 0, 0, 0, 0, 0]"
1526,"[1, 0, 0, 0, 0, 0]"
1527,"[1, 1, 0, 0, 0, 0]"
1528,"[1, 0, 0, 0, 0, 0]"
1529,"[1, 1, 0, 0, 1, 0]"
1530,"[1, 1, 0, 0, 0, 0]"
1532,"[1, 0, 0, 0, 0, 0]"
1533,"[1, 1, 1, 0, 0, 0]"
1534,"[1, 1, 1, 0, 0, 0]"
1535,"[1, 0, 0, 0, 0, 0]"
1544,"[0, 1, 0, 0, 0, 0]"
1545,"[1, 0, 1, 0, 1, 0]"
1546,"[1, 0, 0, 0, 0, 0]"
1547,"[0, 1, 0, 0, 0, 0]"
1548,"[1, 0, 0, 0, 0, 0]"
1549,"[1, 0, 0, 0, 0, 0]"
1550,"[1, 0, 0, 0, 0, 0]"
1551,"[1, 0, 0, 0, 0, 0]"
1552,"[0, 1, 0, 0, 0, 0]"
1553,"[0, 1, 0, 0, 0, 0]"
1554,"[0, 1, 0, 0, 0, 0]"
1555,"[0, 1, 0, 0, 0, 0]"
1556,"[1, 0, 0, 0, 0, 0]"
1557,"[1, 0, 0, 0, 1, 0]"
1561,"[1, 0, 0, 0, 1, 0]"
1564,"[1, 1, 1, 0, 1, 0]"
1565,"[0, 1, 0, 0, 0, 0]"
1566,"[1, 0, 1, 0, 1, 0]"
1567,"[1, 1, 1, 0, 1, 0]"
1568,"[1, 0, 0, 0, 0, 0]"
1569,"[1, 1, 0, 0, 0, 0]"
1570,"[1, 0, 0, 0, 0, 0]"
1571,"[0, 1, 1, 0, 0, 0]"
1572,"[1, 0, 0, 0, 1, 0]"
1573,"[1, 0, 0, 0, 1, 0]"
1574,"[1, 0, 1, 0, 0, 0]"
1575,"[1, 0, 1, 0, 0, 0]"
1576,"[0, 1, 0, 0, 1, 0]"
1577,"[0, 1, 0, 0, 0, 0]"
1578,"[0, 1, 0, 0, 0, 0]"
1579,"[0, 1, 0, 0, 0, 0]"
1580,"[0, 1, 0, 0, 0, 0]"
1581,"[0, 1, 0, 0, 1, 0]"
1584,"[1, 0, 0, 0, 0, 0]"
1585,"[1, 1, 1, 0, 1, 0]"
1586,"[1, 1, 0, 0, 1, 0]"
1590,"[1, 1, 1, 0, 1, 0]"
1591,"[1, 1, 1, 0, 1, 0]"
1592,"[1, 0, 0, 0, 0, 0]"
1593,"[1, 0, 0, 0, 0, 0]"
1597,"[1, 1, 0, 0, 0, 0]"
1598,"[1, 1, 0, 0, 0, 0]"
1600,"[1, 1, 0, 0, 0, 0]"
1601,"[1, 1, 0, 0, 0, 0]"
1602,"[0, 1, 0, 0, 0, 0]"
1603,"[0, 1, 0, 0, 0, 0]"
1604,"[1, 1, 0, 0, 0, 0]"
1605,"[0, 1, 0, 0, 0, 0]"
1606,"[0, 1, 0, 0, 0, 0]"
1607,"[0, 1, 0, 0, 0, 0]"
1608,"[0, 1, 0, 0, 0, 0]"
1609,"[0, 1, 0, 0, 1, 0]"
1611,"[0, 1, 0, 0, 0, 0]"
1613,"[0, 1, 0, 0, 0, 0]"
1615,"[1, 1, 1, 0, 0, 0]"
1616,"[1, 0, 0, 0, 0, 0]"
1620,"[0, 1, 0, 0, 0, 0]"
1621,"[1, 1, 0, 0, 0, 0]"
1622,"[1, 1, 0, 0, 0, 0]"
1623,"[0, 1, 0, 0, 0, 0]"
1624,"[1, 0, 0, 0, 0, 0]"
1625,"[1, 1, 0, 0, 0, 0]"
1626,"[0, 1, 0, 0, 0, 0]"
1628,"[1, 0, 0, 0, 0, 0]"
1629,"[1, 0, 0, 0, 0, 0]"
1630,"[1, 0, 0, 0, 0, 0]"
1631,"[1, 0, 0, 0, 0, 0]"
1632,"[1, 1, 0, 0, 0, 0]"
1636,"[1, 1, 0, 0, 0, 0]"
1638,"[1, 0, 0, 0, 0, 0]"
1639,"[1, 0, 0, 0, 0, 0]"
1640,"[1, 0, 0, 0, 0, 0]"
1644,"[0, 1, 1, 0, 0, 0]"
1645,"[0, 0, 1, 0, 0, 0]"
1646,"[0, 0, 1, 0, 0, 0]"
1647,"[0, 1, 0, 0, 0, 0]"
1648,"[1, 1, 1, 0, 0, 0]"
1650,"[1, 1, 1, 0, 0, 0]"
1651,"[0, 1, 0, 0, 0, 0]"
1653,"[0, 1, 0, 0, 1, 0]"
1654,"[0, 1, 0, 0, 1, 0]"
1655,"[0, 1, 1, 0, 0, 0]"
1656,"[0, 0, 0, 1, 0, 0]"
1657,"[1, 0, 0, 0, 1, 0]"
1658,"[0, 0, 0, 1, 0, 0]"
1659,"[1, 0, 0, 0, 0, 0]"
1662,"[1, 0, 0, 0, 0, 0]"
1663,"[0, 1, 0, 0, 0, 0]"
1664,"[0, 1, 0, 0, 0, 0]"
1666,"[1, 1, 0, 0, 0, 0]"
1667,"[1, 1, 0, 0, 0, 0]"
1668,"[1, 1, 0, 0, 1, 0]"
1669,"[0, 0, 0, 0, 1, 0]"
1675,"[0, 1, 0, 0, 1, 0]"
1676,"[1, 1, 1, 0, 1, 0]"
1677,"[0, 0, 0, 0, 1, 0]"
1678,"[0, 0, 0, 0, 1, 0]"
1679,"[0, 0, 0, 0, 1, 0]"
1680,"[0, 1, 0, 0, 1, 0]"
1681,"[0, 0, 0, 0, 1, 0]"
1683,"[0, 0, 0, 0, 1, 0]"
1685,"[0, 0, 0, 0, 1, 0]"
1687,"[0, 0, 0, 1, 0, 0]"
1688,"[1, 0, 0, 1, 0, 0]"
1690,"[1, 0, 0, 1, 0, 0]"
1691,"[0, 0, 0, 1, 0, 0]"
1692,"[1, 0, 0, 1, 0, 0]"
1693,"[0, 0, 0, 1, 0, 0]"
1694,"[0, 1, 0, 0, 0, 0]"
1695,"[0, 1, 0, 0, 0, 0]"
1696,"[0, 1, 0, 0, 0, 0]"
1697,"[0, 1, 0, 0, 0, 0]"
1698,"[0, 1, 1, 0, 0, 0]"
1699,"[0, 1, 0, 0, 0, 0]"
1700,"[0, 1, 1, 0, 0, 0]"
1703,"[1, 1, 0, 0, 0, 0]"
1705,"[0, 1, 0, 0, 1, 0]"
1706,"[0, 1, 0, 0, 0, 1]"
1707,"[1, 1, 1, 0, 0, 0]"
1708,"[0, 1, 0, 0, 0, 0]"
1710,"[1, 1, 0, 0, 0, 0]"
1712,"[0, 0, 1, 0, 0, 0]"
1713,"[1, 1, 0, 0, 0, 0]"
1715,"[1, 1, 0, 0, 0, 0]"
1717,"[1, 1, 0, 0, 0, 0]"
1718,"[1, 0, 0, 0, 0, 0]"
1719,"[0, 1, 0, 0, 0, 0]"
1723,"[0, 0, 0, 0, 1, 0]"
1724,"[1, 1, 0, 0, 1, 0]"
1725,"[0, 1, 0, 0, 1, 0]"
1726,"[0, 0, 0, 0, 1, 0]"
1730,"[0, 1, 1, 0, 0, 0]"
1731,"[1, 1, 1, 0, 1, 0]"
1732,"[1, 1, 1, 0, 0, 0]"
1733,"[1, 1, 0, 0, 0, 0]"
1734,"[1, 1, 1, 0, 0, 0]"
1735,"[1, 1, 1, 0, 1, 0]"
1736,"[1, 1, 0, 0, 0, 0]"
1737,"[0, 1, 0, 0, 0, 0]"
1738,"[1, 1, 0, 0, 0, 0]"
1739,"[1, 1, 0, 0, 0, 0]"
1740,"[0, 1, 1, 0, 0, 0]"
1741,"[1, 0, 0, 0, 0, 0]"
1742,"[0, 1, 0, 0, 0, 0]"
1743,"[1, 1, 0, 0, 0, 0]"
1744,"[0, 1, 1, 0, 0, 0]"
1745,"[0, 1, 0, 0, 0, 0]"
1749,"[0, 1, 1, 0, 0, 0]"
1750,"[0, 1, 0, 0, 0, 0]"
1752,"[0, 1, 0, 0, 0, 0]"
1753,"[1, 1, 0, 0, 0, 1]"
1754,"[1, 1, 0, 0, 0, 1]"
1755,"[1, 1, 0, 0, 0, 1]"
1756,"[1, 1, 0, 0, 1, 0]"
1757,"[0, 1, 0, 0, 1, 0]"
1758,"[1, 1, 0, 0, 0, 0]"
1760,"[0, 1, 0, 0, 1, 0]"
1761,"[1, 0, 0, 0, 0, 0]"
1762,"[1, 0, 0, 0, 0, 0]"
1763,"[0, 0, 1, 0, 0, 0]"
1764,"[0, 1, 0, 0, 0, 0]"
1765,"[0, 1, 0, 0, 0, 0]"
1766,"[0, 1, 0, 0, 0, 0]"
1767,"[0, 1, 0, 0, 0, 0]"
1769,"[0, 1, 0, 0, 1, 0]"
1773,"[1, 0, 0, 0, 1, 0]"
1774,"[1, 1, 0, 0, 0, 0]"
1775,"[1, 1, 0, 0, 0, 0]"
1776,"[1, 1, 0, 0, 0, 0]"
1777,"[1, 1, 0, 0, 0, 0]"
1778,"[0, 1, 0, 0, 0, 0]"
1779,"[1, 1, 0, 0, 0, 0]"
1780,"[1, 1, 0, 0, 0, 0]"
1781,"[0, 1, 0, 0, 0, 0]"
1782,"[0, 1, 0, 0, 0, 0]"
1783,"[0, 1, 0, 0, 0, 0]"
1784,"[0, 1, 0, 0, 0, 0]"
1785,"[0, 1, 0, 0, 0, 0]"
1786,"[1, 1, 0, 0, 0, 0]"
1787,"[1, 1, 0, 0, 0, 0]"
1788,"[1, 1, 0, 0, 0, 0]"
1789,"[0, 1, 0, 0, 0, 0]"
1790,"[0, 1, 0, 0, 0, 0]"
1791,"[0, 1, 0, 0, 0, 0]"
1792,"[1, 1, 0, 0, 0, 0]"
1793,"[1, 0, 0, 0, 0, 0]"
1795,"[0, 1, 0, 0, 0, 0]"
1796,"[0, 0, 1, 0, 1, 0]"
1797,"[1, 1, 0, 0, 0, 0]"
1798,"[1, 1, 0, 0, 0, 0]"
1801,"[1, 1, 0, 0, 0, 0]"
1803,"[1, 0, 1, 0, 1, 0]"
1804,"[1, 1, 0, 0, 1, 0]"
1805,"[1, 0, 0, 0, 0, 0]"
1806,"[1, 1, 1, 0, 0, 0]"
1807,"[1, 0, 0, 0, 0, 0]"
1808,"[1, 1, 1, 0, 1, 0]"
1813,"[1, 1, 0, 0, 0, 0]"
1814,"[0, 1, 0, 0, 0, 0]"
1816,"[0, 1, 0, 0, 0, 0]"
1817,"[0, 1, 0, 0, 0, 0]"
1818,"[1, 0, 1, 0, 0, 0]"
1819,"[1, 1, 0, 0, 0, 0]"
1821,"[1, 0, 1, 0, 0, 0]"
1824,"[1, 1, 0, 0, 0, 0]"
1826,"[0, 1, 0, 0, 0, 0]"
1827,"[1, 0, 0, 0, 0, 0]"
1828,"[1, 1, 0, 0, 0, 0]"
1829,"[1, 1, 0, 0, 0, 0]"
1830,"[1, 0, 0, 0, 0, 0]"
1831,"[1, 0, 0, 0, 0, 0]"
1833,"[1, 0, 0, 0, 0, 0]"
1834,"[1, 0, 0, 0, 0, 0]"
1835,"[1, 0, 0, 0, 0, 0]"
1836,"[1, 0, 0, 0, 0, 0]"
1839,"[1, 0, 0, 0, 0, 0]"
1840,"[1, 0, 0, 0, 0, 0]"
1841,"[1, 0, 0, 0, 0, 0]"
1842,"[1, 0, 0, 0, 0, 0]"
1851,"[1, 0, 0, 0, 0, 0]"
1854,"[1, 0, 0, 0, 0, 0]"
1857,"[0, 1, 0, 0, 0, 0]"
1858,"[0, 1, 0, 0, 0, 0]"
1859,"[0, 1, 0, 0, 0, 0]"
1860,"[1, 0, 0, 0, 0, 0]"
1861,"[0, 0, 1, 0, 0, 0]"
1862,"[1, 1, 0, 0, 0, 0]"
1863,"[1, 1, 0, 0, 0, 0]"
1864,"[1, 1, 1, 0, 1, 0]"
1865,"[1, 1, 0, 0, 0, 0]"
1866,"[1, 1, 1, 0, 0, 0]"
1867,"[0, 1, 0, 0, 0, 0]"
1868,"[1, 1, 0, 0, 0, 0]"
1869,"[1, 1, 0, 0, 0, 0]"
1870,"[1, 1, 0, 0, 0, 0]"
1871,"[1, 1, 0, 0, 0, 0]"
1872,"[1, 1, 1, 0, 0, 0]"
1873,"[1, 1, 0, 0, 0, 0]"
1875,"[1, 1, 1, 0, 0, 0]"
1876,"[1, 1, 1, 0, 1, 0]"
1877,"[1, 1, 1, 0, 1, 0]"
1878,"[1, 1, 0, 0, 0, 0]"
1881,"[1, 0, 0, 0, 0, 0]"
1882,"[1, 0, 0, 0, 0, 0]"
1883,"[0, 1, 0, 0, 0, 0]"
1884,"[1, 0, 0, 0, 0, 0]"
1886,"[1, 1, 1, 0, 1, 0]"
1887,"[0, 1, 0, 0, 0, 0]"
1889,"[0, 1, 0, 0, 1, 0]"
1891,"[1, 1, 1, 0, 1, 0]"
1892,"[1, 1, 0, 0, 1, 0]"
1893,"[1, 1, 1, 0, 1, 0]"
1894,"[1, 1, 1, 0, 1, 0]"
1895,"[1, 1, 1, 0, 1, 0]"
1896,"[1, 1, 0, 0, 1, 0]"
1897,"[1, 1, 1, 0, 0, 0]"
1898,"[1, 0, 1, 0, 1, 0]"
1901,"[0, 0, 1, 0, 0, 0]"
1902,"[1, 1, 0, 0, 0, 0]"
1903,"[1, 0, 0, 1, 0, 0]"
1904,"[0, 0, 0, 1, 0, 0]"
1905,"[0, 1, 0, 0, 0, 0]"
1906,"[0, 1, 0, 0, 0, 0]"
1907,"[0, 1, 0, 0, 0, 0]"
1908,"[0, 1, 0, 0, 0, 0]"
1913,"[1, 0, 0, 0, 1, 0]"
1914,"[1, 1, 0, 0, 1, 0]"
1915,"[1, 0, 0, 0, 1, 0]"
1916,"[1, 0, 0, 0, 1, 0]"
1918,"[1, 0, 0, 0, 0, 0]"
1919,"[0, 0, 1, 0, 0, 0]"
1920,"[0, 1, 0, 0, 0, 0]"
1921,"[0, 1, 0, 0, 0, 0]"
1922,"[1, 1, 0, 0, 0, 0]"
1923,"[1, 1, 0, 0, 0, 0]"
1924,"[0, 1, 0, 0, 0, 0]"
1925,"[0, 1, 0, 0, 0, 0]"
1928,"[1, 0, 0, 0, 0, 0]"
1929,"[1, 0, 0, 0, 0, 0]"
1930,"[1, 0, 0, 0, 0, 0]"
1931,"[1, 0, 1, 0, 0, 0]"
1932,"[0, 1, 0, 0, 0, 0]"
1935,"[1, 0, 0, 0, 0, 0]"
1936,"[1, 1, 0, 0, 0, 0]"
1938,"[1, 1, 0, 0, 0, 0]"
1941,"[1, 0, 0, 0, 0, 0]"
1942,"[1, 1, 0, 0, 0, 0]"
1943,"[1, 0, 0, 0, 0, 0]"
1948,"[1, 1, 1, 0, 1, 0]"
1949,"[0, 0, 1, 0, 0, 0]"
1950,"[0, 0, 1, 0, 0, 0]"
1951,"[1, 0, 1, 0, 1, 0]"
1952,"[1, 1, 0, 0, 0, 0]"
1953,"[1, 1, 0, 0, 0, 0]"
1954,"[1, 1, 0, 0, 1, 0]"
1955,"[0, 1, 0, 0, 0, 0]"
1956,"[0, 1, 0, 0, 1, 0]"
1957,"[1, 0, 0, 0, 0, 0]"
1958,"[1, 1, 0, 0, 0, 0]"
1959,"[0, 1, 0, 0, 0, 0]"
1960,"[1, 1, 1, 0, 0, 0]"
1961,"[1, 0, 0, 0, 0, 0]"
1964,"[1, 1, 1, 0, 0, 0]"
1965,"[1, 1, 0, 0, 0, 0]"
1966,"[1, 0, 0, 0, 0, 0]"
1969,"[0, 0, 0, 1, 0, 0]"
1970,"[0, 1, 0, 0, 0, 0]"
1971,"[1, 1, 0, 0, 0, 0]"
1972,"[1, 1, 0, 0, 0, 0]"
1973,"[0, 0, 1, 0, 0, 0]"
1975,"[1, 1, 0, 0, 1, 0]"
1976,"[1, 1, 0, 0, 0, 0]"
1977,"[1, 1, 1, 0, 1, 0]"
1978,"[1, 1, 1, 0, 1, 0]"
1983,"[1, 1, 0, 0, 0, 0]"
1985,"[0, 0, 1, 0, 0, 0]"
1986,"[0, 0, 1, 0, 0, 0]"
1987,"[1, 1, 0, 0, 0, 0]"
1988,"[0, 1, 0, 0, 0, 0]"
1989,"[0, 1, 0, 0, 0, 0]"
1990,"[1, 1, 0, 0, 0, 0]"
1991,"[1, 1, 1, 0, 0, 0]"
1992,"[0, 1, 0, 0, 0, 0]"
1995,"[1, 1, 1, 0, 1, 0]"
1996,"[1, 1, 1, 0, 1, 0]"
1998,"[1, 1, 1, 0, 0, 0]"
1999,"[0, 1, 0, 0, 0, 0]"
2000,"[0, 1, 1, 0, 0, 0]"
2002,"[1, 1, 0, 0, 1, 0]"
2003,"[1, 1, 0, 0, 1, 0]"
2004,"[1, 0, 0, 0, 0, 0]"
2005,"[1, 1, 0, 0, 0, 0]"
2008,"[1, 1, 0, 0, 1, 0]"
2010,"[1, 1, 0, 0, 0, 0]"
2013,"[0, 1, 0, 0, 0, 0]"
2017,"[0, 1, 0, 0, 0, 0]"
2018,"[0, 1, 0, 0, 0, 0]"
2019,"[0, 1, 0, 0, 0, 0]"
2020,"[0, 1, 0, 0, 0, 1]"
2021,"[1, 0, 0, 0, 0, 0]"
2022,"[1, 0, 0, 0, 0, 0]"
2023,"[1, 0, 0, 0, 0, 0]"
2024,"[1, 1, 1, 0, 0, 0]"
2025,"[1, 0, 0, 0, 1, 0]"
2026,"[1, 0, 0, 0, 1, 0]"
2027,"[1, 1, 0, 0, 0, 0]"
2028,"[0, 1, 1, 0, 0, 0]"
2029,"[0, 1, 0, 0, 0, 0]"
2030,"[1, 0, 1, 0, 0, 0]"
2031,"[1, 0, 1, 0, 0, 0]"
2032,"[1, 0, 0, 0, 0, 0]"
2033,"[0, 1, 0, 0, 0, 0]"
2034,"[0, 1, 0, 0, 0, 0]"
2037,"[1, 0, 0, 0, 1, 0]"
2038,"[1, 1, 1, 0, 1, 0]"
2039,"[1, 1, 1, 0, 0, 0]"
2040,"[1, 0, 0, 0, 0, 0]"
2041,"[1, 0, 0, 0, 0, 0]"
2042,"[1, 0, 0, 0, 0, 0]"
2043,"[1, 1, 0, 0, 0, 0]"
2044,"[1, 0, 0, 0, 0, 0]"
2047,"[0, 1, 0, 0, 0, 0]"
2048,"[0, 1, 0, 0, 0, 0]"
2049,"[1, 1, 0, 0, 0, 0]"
2050,"[0, 1, 0, 0, 0, 0]"
2051,"[0, 1, 0, 0, 0, 0]"
2052,"[0, 1, 0, 0, 0, 0]"
2053,"[0, 1, 0, 0, 0, 0]"
2054,"[0, 1, 0, 0, 0, 0]"
2055,"[0, 1, 0, 0, 0, 0]"
2058,"[0, 1, 0, 0, 0, 0]"
2059,"[0, 1, 0, 0, 0, 0]"
2060,"[0, 1, 0, 0, 0, 0]"
2061,"[0, 1, 0, 0, 0, 0]"
2067,"[0, 0, 1, 0, 1, 0]"
2068,"[1, 0, 0, 0, 1, 0]"
2069,"[1, 0, 0, 0, 0, 0]"
2071,"[1, 1, 0, 0, 0, 0]"
2074,"[1, 1, 0, 0, 0, 0]"
2075,"[1, 1, 0, 0, 0, 0]"
2077,"[0, 1, 0, 0, 0, 0]"
2078,"[0, 1, 0, 0, 0, 0]"
2079,"[0, 1, 0, 0, 0, 0]"
2080,"[1, 1, 0, 0, 0, 0]"
2081,"[1, 1, 0, 0, 0, 0]"
2082,"[0, 1, 0, 0, 0, 0]"
2084,"[1, 1, 0, 0, 1, 0]"
2085,"[1, 0, 0, 0, 1, 0]"
2089,"[0, 1, 0, 0, 0, 0]"
2097,"[1, 1, 0, 0, 0, 0]"
2099,"[0, 1, 1, 0, 0, 0]"
2100,"[0, 1, 0, 0, 0, 0]"
2101,"[0, 1, 1, 0, 0, 0]"
2103,"[0, 1, 0, 0, 0, 0]"
2104,"[1, 1, 0, 0, 0, 0]"
2105,"[0, 1, 0, 0, 0, 0]"
2106,"[0, 1, 0, 0, 0, 0]"
2107,"[1, 1, 0, 0, 1, 0]"
2108,"[0, 1, 0, 0, 0, 0]"
2109,"[0, 1, 0, 0, 0, 0]"
2110,"[0, 1, 0, 0, 0, 0]"
2111,"[1, 1, 0, 0, 0, 0]"
2112,"[0, 1, 0, 0, 0, 0]"
2113,"[1, 1, 0, 0, 0, 0]"
2114,"[1, 1, 0, 0, 0, 0]"
2116,"[1, 0, 0, 0, 0, 0]"
2117,"[1, 0, 0, 0, 0, 0]"
2118,"[1, 1, 0, 0, 0, 0]"
2119,"[1, 0, 0, 0, 0, 0]"
2120,"[1, 1, 0, 0, 1, 0]"
2121,"[0, 1, 1, 0, 0, 0]"
2122,"[1, 0, 0, 0, 1, 0]"
2123,"[1, 1, 0, 0, 1, 0]"
2124,"[1, 1, 0, 0, 0, 0]"
2127,"[1, 1, 0, 0, 0, 0]"
2131,"[0, 1, 0, 0, 0, 0]"
2132,"[0, 1, 0, 0, 0, 0]"
2133,"[0, 1, 0, 0, 0, 0]"
2134,"[1, 0, 0, 0, 0, 0]"
2135,"[0, 1, 0, 0, 0, 0]"
2136,"[0, 1, 0, 0, 0, 0]"
2137,"[0, 1, 0, 0, 0, 0]"
2142,"[1, 1, 0, 0, 0, 0]"
2143,"[1, 0, 0, 0, 0, 0]"
2144,"[1, 1, 0, 0, 0, 0]"
2145,"[1, 0, 0, 0, 0, 0]"
2146,"[0, 1, 0, 0, 0, 0]"
2147,"[1, 1, 0, 0, 0, 0]"
2148,"[1, 1, 0, 0, 0, 0]"
2149,"[0, 1, 0, 0, 0, 0]"
2150,"[1, 1, 0, 0, 1, 0]"
2157,"[1, 0, 0, 0, 0, 0]"
2158,"[1, 0, 0, 0, 0, 0]"
2159,"[1, 0, 0, 0, 0, 0]"
2160,"[1, 1, 0, 0, 0, 0]"
2161,"[0, 1, 0, 0, 0, 0]"
2162,"[1, 0, 0, 0, 1, 0]"
2165,"[0, 1, 0, 0, 0, 0]"
2166,"[0, 1, 1, 0, 0, 0]"
2167,"[0, 1, 0, 0, 0, 0]"
2168,"[1, 1, 0, 0, 0, 0]"
2173,"[0, 1, 0, 0, 0, 0]"
2174,"[0, 1, 0, 0, 0, 0]"
2175,"[0, 1, 0, 0, 0, 0]"
2177,"[1, 1, 0, 0, 0, 0]"
2179,"[1, 1, 0, 0, 0, 0]"
2180,"[0, 1, 0, 0, 0, 0]"
2181,"[1, 1, 0, 0, 0, 0]"
2183,"[1, 0, 0, 0, 0, 0]"
2184,"[1, 0, 1, 0, 0, 0]"
2185,"[1, 1, 0, 0, 0, 0]"
2186,"[1, 1, 0, 0, 0, 0]"
2187,"[1, 0, 1, 0, 0, 0]"
2188,"[1, 0, 0, 0, 0, 0]"
2191,"[0, 1, 0, 0, 0, 0]"
2192,"[0, 1, 0, 0, 0, 0]"
2193,"[0, 1, 0, 0, 0, 0]"
2196,"[1, 0, 0, 0, 0, 0]"
2198,"[1, 0, 0, 0, 0, 0]"
2201,"[1, 1, 0, 0, 1, 0]"
2207,"[0, 1, 0, 0, 0, 0]"
2208,"[1, 0, 0, 0, 0, 0]"
2209,"[0, 1, 0, 0, 0, 0]"
2210,"[0, 1, 0, 0, 0, 0]"
2211,"[0, 1, 0, 0, 0, 0]"
2212,"[1, 0, 1, 0, 1, 0]"
2214,"[1, 0, 1, 0, 1, 0]"
2217,"[1, 1, 0, 0, 0, 0]"
2218,"[1, 1, 0, 0, 0, 0]"
2219,"[1, 0, 0, 0, 0, 0]"
2220,"[1, 1, 0, 0, 0, 0]"
2221,"[1, 0, 0, 0, 0, 0]"
2222,"[1, 1, 0, 0, 0, 0]"
2223,"[1, 1, 0, 0, 0, 0]"
2224,"[1, 1, 0, 0, 0, 0]"
2225,"[0, 1, 0, 0, 0, 0]"
2226,"[0, 1, 0, 0, 0, 0]"
2227,"[0, 1, 0, 0, 0, 0]"
2228,"[0, 1, 0, 0, 0, 0]"
2229,"[0, 1, 0, 0, 0, 0]"
2230,"[1, 1, 0, 0, 0, 0]"
2231,"[1, 1, 0, 0, 0, 0]"
2232,"[1, 1, 0, 0, 0, 0]"
2233,"[0, 1, 0, 0, 0, 0]"
2234,"[0, 1, 0, 0, 0, 0]"
2236,"[1, 1, 0, 0, 0, 0]"
2237,"[0, 1, 0, 0, 0, 0]"
2238,"[0, 1, 0, 0, 0, 0]"
2239,"[0, 1, 0, 0, 0, 0]"
2242,"[1, 1, 1, 0, 0, 0]"
2243,"[0, 0, 0, 0, 1, 0]"
2245,"[1, 1, 0, 0, 0, 0]"
2246,"[1, 1, 0, 0, 0, 0]"
2247,"[1, 1, 1, 0, 0, 0]"
2248,"[1, 0, 0, 0, 0, 0]"
2249,"[1, 1, 0, 0, 0, 0]"
2250,"[1, 1, 0, 0, 1, 1]"
2251,"[1, 1, 1, 0, 0, 0]"
2253,"[1, 1, 1, 0, 0, 0]"
2256,"[0, 1, 0, 0, 0, 0]"
2257,"[0, 1, 1, 0, 0, 0]"
2258,"[0, 1, 0, 0, 0, 0]"
2259,"[0, 1, 0, 0, 0, 0]"
2260,"[0, 1, 0, 0, 0, 0]"
2261,"[0, 1, 0, 0, 0, 0]"
2263,"[0, 0, 1, 0, 1, 0]"
2264,"[0, 0, 1, 0, 1, 0]"
2265,"[0, 0, 1, 0, 0, 0]"
2266,"[0, 0, 0, 1, 0, 0]"
2271,"[1, 1, 1, 0, 1, 0]"
2273,"[1, 1, 1, 0, 1, 0]"
2274,"[1, 0, 0, 0, 1, 0]"
2277,"[1, 0, 1, 0, 1, 0]"
2281,"[1, 1, 0, 0, 0, 0]"
2282,"[1, 0, 0, 0, 0, 0]"
2283,"[1, 0, 0, 0, 0, 0]"
2284,"[0, 1, 0, 0, 0, 0]"
2285,"[1, 1, 0, 0, 1, 0]"
2286,"[0, 1, 0, 0, 0, 0]"
2287,"[1, 0, 1, 0, 0, 0]"
2288,"[1, 1, 0, 0, 1, 0]"
2289,"[0, 1, 0, 0, 0, 0]"
2290,"[1, 0, 0, 0, 0, 0]"
2291,"[1, 0, 1, 0, 0, 0]"
2292,"[1, 0, 0, 0, 0, 0]"
2293,"[0, 1, 0, 0, 0, 0]"
2295,"[1, 1, 0, 0, 1, 0]"
2296,"[0, 1, 0, 0, 1, 0]"
2300,"[1, 1, 0, 0, 0, 0]"
2301,"[1, 1, 0, 0, 0, 0]"
2302,"[1, 1, 0, 0, 0, 0]"
2303,"[1, 1, 1, 0, 1, 0]"
2304,"[1, 0, 0, 0, 0, 0]"
2305,"[1, 0, 0, 0, 0, 0]"
2306,"[0, 1, 0, 0, 0, 0]"
2308,"[1, 0, 0, 0, 1, 0]"
2309,"[1, 1, 0, 0, 0, 1]"
2310,"[1, 0, 0, 1, 0, 0]"
2311,"[0, 1, 1, 0, 0, 0]"
2312,"[0, 1, 0, 0, 0, 0]"
2313,"[1, 0, 0, 0, 0, 0]"
2317,"[0, 1, 0, 0, 0, 0]"
2318,"[1, 0, 0, 0, 0, 0]"
2319,"[0, 1, 0, 0, 0, 0]"
2320,"[1, 1, 0, 0, 0, 0]"
2321,"[1, 1, 0, 0, 0, 0]"
2322,"[1, 0, 0, 0, 0, 0]"
2323,"[1, 1, 1, 0, 0, 0]"
2324,"[1, 1, 0, 0, 0, 0]"
2327,"[1, 1, 0, 0, 0, 0]"
2328,"[1, 0, 0, 0, 0, 0]"
2329,"[1, 0, 0, 0, 0, 0]"
2334,"[1, 0, 0, 0, 0, 0]"
2335,"[1, 0, 1, 0, 0, 0]"
2336,"[1, 0, 0, 0, 0, 0]"
2337,"[1, 1, 1, 0, 0, 0]"
2339,"[1, 1, 1, 0, 0, 0]"
2340,"[1, 1, 0, 0, 0, 0]"
2341,"[1, 0, 1, 0, 0, 0]"
2344,"[0, 1, 0, 0, 1, 0]"
2347,"[1, 0, 0, 0, 0, 0]"
2348,"[1, 1, 0, 0, 0, 0]"
2349,"[1, 0, 1, 0, 1, 0]"
2350,"[1, 0, 0, 0, 0, 0]"
2352,"[1, 1, 1, 0, 1, 0]"
2353,"[1, 0, 1, 0, 1, 0]"
2354,"[1, 1, 0, 0, 1, 0]"
2355,"[1, 1, 1, 0, 0, 0]"
2357,"[1, 0, 0, 0, 0, 0]"
2360,"[1, 1, 1, 0, 0, 0]"
2362,"[1, 0, 0, 0, 1, 0]"
2364,"[1, 1, 0, 0, 0, 0]"
2365,"[1, 1, 0, 0, 0, 0]"
2366,"[0, 1, 0, 0, 0, 0]"
2367,"[1, 1, 1, 0, 0, 0]"
2368,"[0, 1, 1, 0, 0, 0]"
2369,"[1, 1, 1, 0, 1, 0]"
2370,"[0, 1, 0, 0, 0, 0]"
2371,"[1, 0, 0, 0, 0, 0]"
2372,"[0, 1, 1, 0, 0, 0]"
2373,"[0, 1, 0, 0, 0, 0]"
2374,"[0, 1, 1, 0, 0, 0]"
2375,"[0, 1, 0, 0, 0, 0]"
2376,"[0, 1, 0, 0, 0, 0]"
2377,"[1, 0, 0, 0, 1, 0]"
2378,"[1, 1, 0, 0, 0, 1]"
2379,"[1, 1, 0, 0, 0, 0]"
2383,"[0, 1, 0, 0, 0, 0]"
2384,"[1, 0, 0, 0, 0, 0]"
2386,"[1, 1, 0, 0, 1, 0]"
2387,"[0, 1, 0, 0, 0, 0]"
2388,"[1, 1, 1, 0, 1, 0]"
2390,"[1, 1, 0, 0, 0, 0]"
2391,"[0, 1, 0, 0, 0, 0]"
2392,"[0, 1, 0, 0, 0, 0]"
2394,"[0, 1, 1, 0, 1, 0]"
2395,"[1, 0, 0, 0, 0, 0]"
2396,"[1, 0, 0, 0, 0, 0]"
2397,"[1, 0, 0, 0, 0, 0]"
2398,"[1, 0, 0, 0, 0, 0]"
2399,"[1, 1, 0, 0, 0, 0]"
2400,"[1, 0, 0, 0, 0, 0]"
2401,"[1, 0, 0, 0, 0, 0]"
2402,"[1, 0, 0, 0, 0, 0]"
2403,"[1, 0, 0, 0, 0, 0]"
2404,"[0, 1, 0, 0, 0, 0]"
2405,"[0, 1, 0, 0, 0, 0]"
2406,"[0, 1, 0, 0, 0, 0]"
2413,"[1, 0, 0, 0, 0, 0]"
2414,"[0, 1, 0, 0, 0, 0]"
2415,"[1, 0, 0, 0, 0, 0]"
2416,"[0, 1, 0, 0, 0, 0]"
2417,"[1, 0, 0, 0, 0, 0]"
2418,"[1, 0, 0, 0, 0, 0]"
2419,"[1, 0, 0, 0, 0, 0]"
2420,"[1, 0, 0, 0, 0, 0]"
2421,"[0, 1, 0, 0, 1, 0]"
2424,"[0, 0, 0, 1, 0, 0]"
2425,"[0, 0, 0, 1, 0, 0]"
2426,"[0, 0, 0, 1, 0, 0]"
2428,"[1, 1, 0, 0, 1, 0]"
2429,"[1, 0, 0, 0, 1, 0]"
2430,"[1, 0, 0, 0, 0, 0]"
2431,"[1, 0, 0, 0, 0, 0]"
2432,"[1, 0, 0, 0, 0, 0]"
2433,"[1, 1, 0, 0, 0, 0]"
2434,"[1, 1, 0, 0, 0, 0]"
2435,"[1, 1, 0, 0, 0, 0]"
2436,"[1, 0, 0, 0, 0, 0]"
2437,"[1, 0, 0, 0, 0, 0]"
2438,"[1, 0, 0, 0, 0, 0]"
2443,"[1, 0, 0, 0, 0, 0]"
2444,"[0, 0, 0, 1, 0, 0]"
2445,"[1, 0, 0, 1, 0, 0]"
2446,"[1, 0, 0, 1, 0, 0]"
2447,"[1, 0, 0, 0, 0, 0]"
2450,"[1, 1, 0, 0, 0, 0]"
2451,"[1, 1, 0, 0, 0, 0]"
2453,"[1, 1, 1, 0, 0, 0]"
2454,"[0, 0, 0, 0, 1, 0]"
2455,"[1, 0, 0, 0, 0, 0]"
2456,"[1, 0, 0, 0, 0, 0]"
2457,"[1, 1, 0, 0, 0, 0]"
2458,"[1, 0, 0, 0, 0, 0]"
2459,"[1, 0, 1, 0, 0, 0]"
2460,"[1, 0, 0, 0, 0, 0]"
2464,"[1, 0, 0, 0, 1, 0]"
2465,"[1, 0, 0, 0, 0, 0]"
2466,"[1, 0, 0, 0, 0, 0]"
2469,"[1, 1, 0, 0, 1, 0]"
2470,"[0, 1, 0, 0, 0, 0]"
2471,"[1, 0, 0, 0, 0, 0]"
2472,"[1, 0, 1, 0, 0, 0]"
2473,"[1, 0, 0, 0, 0, 0]"
2474,"[1, 1, 0, 0, 0, 0]"
2476,"[1, 1, 0, 0, 0, 0]"
2477,"[1, 0, 0, 0, 0, 0]"
2478,"[1, 0, 0, 0, 0, 0]"
2479,"[1, 0, 0, 0, 0, 0]"
2480,"[1, 0, 0, 0, 0, 0]"
2482,"[0, 1, 1, 0, 0, 0]"
2484,"[1, 0, 0, 0, 0, 0]"
2485,"[1, 1, 0, 0, 0, 0]"
2487,"[1, 0, 0, 0, 0, 0]"
2489,"[1, 0, 0, 0, 0, 0]"
2490,"[1, 1, 0, 0, 0, 0]"
2492,"[0, 1, 0, 0, 0, 0]"
2493,"[1, 1, 0, 0, 0, 0]"
2494,"[1, 1, 0, 0, 0, 0]"
2495,"[1, 1, 0, 0, 0, 0]"
2496,"[1, 1, 0, 0, 0, 0]"
2497,"[1, 0, 0, 0, 0, 0]"
2499,"[1, 1, 0, 0, 0, 0]"
2500,"[1, 0, 0, 0, 0, 0]"
2501,"[1, 1, 0, 0, 0, 0]"
2504,"[1, 1, 0, 0, 0, 0]"
2505,"[1, 1, 1, 0, 0, 1]"
2506,"[1, 1, 0, 0, 0, 0]"
2507,"[1, 1, 0, 0, 0, 0]"
2510,"[0, 1, 0, 0, 0, 0]"
2511,"[0, 1, 0, 0, 0, 1]"
2512,"[1, 0, 0, 0, 0, 0]"
2513,"[1, 1, 0, 0, 0, 0]"
2518,"[1, 1, 0, 0, 0, 0]"
2519,"[1, 0, 0, 0, 0, 0]"
2520,"[1, 0, 0, 0, 0, 0]"
2522,"[0, 1, 0, 0, 0, 0]"
2523,"[0, 1, 0, 0, 0, 0]"
2524,"[1, 0, 0, 0, 0, 0]"
2525,"[1, 1, 0, 0, 0, 0]"
2526,"[1, 1, 0, 0, 0, 0]"
2527,"[1, 0, 0, 0, 0, 0]"
2528,"[1, 0, 1, 0, 0, 0]"
2529,"[1, 0, 1, 0, 0, 0]"
2530,"[1, 1, 0, 0, 0, 0]"
2531,"[1, 0, 0, 0, 0, 0]"
2532,"[1, 0, 0, 0, 0, 0]"
2533,"[1, 0, 1, 0, 0, 0]"
2535,"[0, 1, 0, 0, 0, 0]"
2538,"[1, 1, 1, 0, 0, 0]"
2539,"[1, 0, 0, 0, 0, 0]"
2540,"[1, 0, 0, 0, 0, 0]"
2541,"[1, 0, 0, 0, 0, 0]"
2542,"[1, 0, 0, 0, 0, 0]"
2543,"[1, 0, 0, 0, 0, 0]"
2544,"[1, 0, 0, 0, 0, 0]"
2548,"[0, 0, 0, 0, 0, 1]"
2549,"[0, 1, 0, 0, 0, 0]"
2550,"[1, 1, 0, 0, 0, 0]"
2551,"[0, 0, 1, 0, 0, 0]"
2554,"[0, 0, 1, 0, 0, 0]"
2555,"[0, 0, 1, 0, 0, 0]"
2556,"[0, 0, 1, 0, 0, 0]"
2557,"[0, 0, 1, 0, 0, 0]"
2558,"[0, 0, 1, 0, 0, 0]"
2559,"[1, 1, 0, 0, 0, 0]"
2560,"[1, 0, 1, 0, 0, 0]"
2563,"[0, 1, 0, 0, 0, 0]"
2564,"[0, 1, 0, 0, 0, 0]"
2565,"[0, 0, 1, 0, 0, 0]"
2566,"[0, 0, 1, 0, 0, 0]"
2569,"[1, 1, 0, 0, 0, 0]"
2570,"[0, 0, 1, 0, 0, 0]"
2572,"[0, 0, 1, 0, 0, 0]"
2574,"[1, 1, 0, 0, 1, 0]"
2576,"[1, 1, 1, 0, 1, 0]"
2578,"[0, 0, 1, 0, 0, 0]"
2580,"[1, 1, 0, 0, 0, 0]"
2581,"[0, 1, 1, 0, 0, 0]"
2582,"[1, 1, 0, 0, 0, 0]"
2583,"[0, 1, 0, 0, 0, 0]"
2584,"[1, 1, 0, 0, 0, 0]"
2585,"[1, 1, 0, 0, 0, 0]"
2586,"[1, 1, 1, 0, 0, 0]"
2587,"[1, 1, 1, 0, 0, 0]"
2588,"[1, 0, 1, 0, 0, 0]"
2589,"[0, 1, 0, 0, 1, 0]"
2591,"[1, 1, 0, 0, 0, 0]"
2592,"[0, 1, 0, 0, 0, 0]"
2593,"[1, 0, 1, 0, 1, 0]"
2594,"[1, 1, 0, 0, 0, 0]"
2595,"[1, 1, 0, 0, 0, 0]"
2596,"[1, 1, 0, 0, 0, 0]"
2598,"[1, 1, 1, 0, 0, 0]"
2599,"[0, 1, 0, 0, 0, 0]"
2600,"[1, 1, 0, 0, 1, 0]"
2607,"[0, 1, 0, 0, 0, 0]"
2608,"[1, 1, 0, 0, 0, 0]"
2610,"[1, 1, 0, 0, 0, 0]"
2611,"[1, 1, 0, 0, 0, 0]"
2614,"[1, 1, 0, 0, 0, 0]"
2615,"[0, 1, 0, 0, 0, 0]"
2616,"[0, 1, 0, 0, 0, 0]"
2617,"[1, 1, 0, 0, 0, 0]"
2618,"[0, 1, 0, 0, 0, 0]"
2619,"[1, 1, 1, 0, 0, 1]"
2620,"[1, 1, 0, 0, 0, 0]"
2622,"[1, 0, 1, 0, 1, 0]"
2623,"[1, 0, 0, 0, 0, 0]"
2626,"[0, 1, 1, 0, 1, 0]"
2634,"[1, 0, 0, 0, 0, 0]"
2635,"[1, 0, 0, 0, 0, 0]"
2638,"[0, 1, 1, 0, 0, 0]"
2639,"[0, 0, 1, 0, 0, 0]"
2640,"[1, 0, 0, 0, 0, 0]"
2641,"[1, 0, 0, 0, 0, 0]"
2642,"[1, 0, 0, 0, 0, 0]"
2643,"[1, 0, 0, 0, 0, 0]"
2644,"[1, 0, 0, 0, 0, 0]"
2645,"[1, 0, 0, 0, 0, 0]"
2648,"[1, 1, 0, 0, 0, 0]"
2649,"[1, 0, 0, 0, 0, 0]"
2650,"[1, 0, 0, 0, 0, 0]"
2651,"[1, 1, 0, 0, 0, 0]"
2652,"[1, 0, 0, 0, 0, 0]"
2653,"[1, 0, 0, 0, 0, 0]"
2657,"[1, 1, 1, 0, 0, 0]"
2658,"[1, 1, 0, 0, 0, 0]"
2659,"[1, 0, 0, 0, 0, 0]"
2660,"[1, 0, 0, 0, 0, 0]"
2666,"[0, 1, 0, 0, 0, 0]"
2668,"[1, 0, 0, 0, 0, 0]"
2669,"[0, 0, 1, 0, 0, 0]"
2670,"[0, 1, 0, 0, 0, 0]"
2671,"[1, 1, 0, 0, 0, 0]"
2672,"[0, 1, 0, 0, 0, 0]"
2673,"[0, 1, 0, 0, 0, 0]"
2674,"[0, 1, 0, 0, 0, 0]"
2675,"[1, 1, 0, 0, 0, 0]"
2676,"[0, 1, 0, 0, 0, 0]"
2677,"[0, 1, 0, 0, 0, 0]"
2678,"[0, 1, 0, 0, 0, 0]"
2679,"[0, 1, 0, 0, 0, 0]"
2680,"[1, 1, 1, 0, 0, 0]"
2681,"[1, 0, 0, 0, 0, 0]"
2683,"[1, 1, 0, 0, 0, 0]"
2684,"[1, 1, 0, 0, 0, 0]"
2686,"[1, 1, 0, 0, 0, 0]"
2687,"[1, 0, 0, 0, 0, 0]"
2688,"[0, 1, 0, 0, 0, 0]"
2689,"[1, 1, 0, 0, 0, 0]"
2690,"[1, 0, 0, 0, 0, 0]"
2691,"[0, 1, 0, 0, 0, 0]"
2692,"[0, 1, 0, 0, 0, 0]"
2693,"[1, 0, 0, 0, 0, 0]"
2696,"[0, 1, 0, 0, 0, 0]"
2697,"[1, 0, 1, 0, 1, 0]"
2698,"[1, 1, 0, 0, 1, 0]"
2699,"[1, 0, 0, 0, 1, 0]"
2700,"[1, 0, 0, 0, 0, 0]"
2701,"[1, 1, 0, 0, 0, 0]"
2702,"[0, 1, 0, 0, 0, 0]"
2703,"[0, 1, 0, 0, 0, 0]"
2704,"[0, 1, 0, 0, 0, 0]"
2705,"[0, 1, 0, 0, 0, 0]"
2706,"[1, 0, 1, 0, 1, 0]"
2708,"[0, 0, 0, 0, 1, 0]"
2709,"[0, 1, 0, 0, 1, 0]"
2710,"[0, 1, 0, 0, 0, 0]"
2711,"[1, 0, 0, 0, 0, 0]"
2712,"[1, 1, 0, 0, 0, 0]"
2713,"[1, 0, 0, 0, 1, 0]"
2714,"[0, 1, 0, 0, 0, 0]"
2715,"[0, 1, 0, 0, 0, 0]"
2717,"[1, 1, 0, 0, 1, 0]"
2718,"[1, 1, 0, 0, 0, 0]"
2719,"[0, 1, 0, 0, 0, 0]"
2720,"[0, 1, 1, 0, 0, 0]"
2722,"[0, 1, 1, 0, 0, 0]"
2723,"[0, 1, 1, 0, 1, 0]"
2724,"[1, 0, 0, 0, 0, 0]"
2725,"[1, 1, 1, 0, 0, 0]"
2727,"[1, 1, 0, 0, 1, 0]"
2731,"[1, 0, 0, 0, 0, 0]"
2732,"[0, 0, 1, 0, 0, 0]"
2733,"[1, 0, 0, 0, 1, 0]"
2734,"[1, 1, 1, 0, 0, 0]"
2735,"[0, 0, 0, 0, 1, 0]"
2736,"[0, 0, 0, 0, 1, 0]"
2737,"[0, 0, 0, 0, 1, 0]"
2738,"[1, 0, 0, 0, 0, 0]"
2739,"[1, 0, 0, 0, 0, 0]"
2740,"[1, 0, 0, 0, 0, 0]"
2742,"[0, 1, 0, 0, 0, 0]"
2743,"[0, 1, 0, 0, 0, 0]"
2744,"[0, 1, 0, 0, 0, 0]"
2745,"[0, 1, 0, 0, 0, 0]"
2746,"[0, 1, 0, 0, 0, 0]"
2747,"[0, 1, 0, 0, 0, 0]"
2748,"[0, 1, 0, 0, 0, 0]"
2749,"[0, 1, 0, 0, 0, 0]"
2750,"[0, 1, 0, 0, 0, 0]"
2751,"[0, 1, 0, 0, 0, 0]"
2756,"[0, 1, 0, 0, 0, 0]"
2758,"[0, 1, 0, 0, 0, 0]"
2759,"[0, 1, 0, 0, 0, 0]"
2760,"[1, 1, 0, 0, 0, 0]"
2761,"[1, 1, 1, 0, 0, 0]"
2762,"[1, 0, 0, 0, 0, 0]"
2763,"[1, 0, 0, 0, 0, 0]"
2764,"[0, 1, 0, 0, 0, 0]"
2765,"[0, 1, 0, 0, 0, 0]"
2768,"[1, 1, 0, 0, 0, 0]"
2769,"[1, 1, 0, 0, 0, 0]"
2770,"[0, 1, 0, 0, 0, 0]"
2771,"[0, 1, 0, 0, 0, 0]"
2772,"[1, 0, 0, 0, 1, 0]"
2773,"[0, 1, 0, 0, 0, 0]"
2774,"[0, 1, 0, 0, 0, 0]"
2775,"[0, 1, 0, 0, 0, 0]"
2777,"[0, 1, 0, 0, 0, 0]"
2780,"[1, 1, 0, 0, 0, 0]"
2782,"[1, 0, 0, 0, 0, 0]"
2783,"[1, 1, 0, 0, 0, 0]"
2784,"[0, 1, 0, 0, 0, 0]"
2785,"[1, 0, 0, 0, 0, 0]"
2786,"[0, 1, 0, 0, 0, 0]"
2787,"[0, 1, 0, 0, 0, 0]"
2788,"[0, 1, 0, 0, 0, 0]"
2792,"[0, 1, 0, 0, 0, 0]"
2793,"[0, 1, 0, 0, 0, 0]"
2794,"[0, 1, 0, 0, 0, 0]"
2795,"[0, 1, 0, 0, 0, 0]"
2796,"[0, 1, 0, 0, 0, 0]"
2797,"[0, 1, 0, 0, 0, 0]"
2798,"[0, 1, 0, 0, 0, 0]"
2799,"[0, 1, 0, 0, 0, 0]"
2800,"[0, 1, 1, 0, 0, 0]"
2802,"[0, 1, 0, 0, 0, 0]"
2806,"[1, 1, 1, 0, 0, 0]"
2807,"[0, 1, 0, 0, 0, 0]"
2808,"[1, 0, 0, 0, 0, 0]"
2809,"[1, 1, 0, 0, 0, 0]"
2811,"[1, 0, 0, 0, 0, 0]"
2812,"[0, 1, 0, 0, 0, 0]"
2813,"[0, 1, 0, 0, 0, 0]"
2818,"[0, 1, 0, 0, 0, 0]"
2819,"[0, 1, 0, 0, 0, 0]"
2820,"[0, 1, 0, 0, 0, 0]"
2821,"[0, 1, 1, 0, 0, 0]"
2823,"[0, 1, 0, 0, 0, 0]"
2824,"[0, 1, 0, 0, 0, 0]"
2831,"[1, 1, 0, 0, 0, 0]"
2832,"[1, 1, 0, 0, 0, 0]"
2835,"[1, 0, 0, 0, 0, 0]"
2836,"[0, 1, 0, 0, 0, 0]"
2837,"[0, 1, 0, 0, 0, 0]"
2838,"[1, 1, 0, 0, 0, 0]"
2839,"[1, 1, 0, 0, 0, 0]"
2840,"[1, 0, 0, 0, 0, 0]"
2841,"[1, 0, 0, 0, 0, 0]"
2842,"[0, 1, 0, 0, 0, 0]"
2843,"[0, 1, 0, 0, 0, 0]"
2844,"[0, 1, 0, 0, 0, 0]"
2845,"[1, 1, 0, 0, 0, 0]"
2846,"[0, 1, 0, 0, 0, 0]"
2847,"[0, 1, 0, 0, 0, 0]"
2848,"[0, 1, 0, 0, 0, 0]"
2850,"[0, 1, 0, 0, 0, 0]"
2851,"[0, 1, 0, 0, 0, 0]"
2853,"[0, 1, 0, 0, 0, 0]"
2854,"[0, 1, 0, 0, 0, 0]"
2855,"[1, 1, 0, 0, 0, 0]"
2856,"[0, 1, 0, 0, 0, 0]"
2857,"[0, 1, 0, 0, 0, 0]"
2860,"[1, 0, 0, 0, 0, 0]"
2862,"[0, 1, 0, 0, 0, 0]"
2863,"[0, 1, 0, 0, 0, 0]"
2864,"[0, 1, 0, 0, 0, 0]"
2870,"[0, 1, 0, 0, 0, 0]"
2871,"[0, 1, 0, 0, 0, 0]"
2872,"[0, 1, 0, 0, 0, 0]"
2873,"[0, 1, 0, 0, 0, 0]"
2874,"[0, 1, 0, 0, 0, 0]"
2875,"[0, 1, 0, 0, 0, 0]"
2876,"[1, 0, 0, 0, 0, 0]"
2877,"[0, 1, 0, 0, 0, 0]"
2878,"[0, 1, 0, 0, 0, 0]"
2880,"[1, 0, 0, 0, 0, 0]"
2883,"[1, 1, 0, 0, 0, 0]"
2884,"[1, 1, 0, 0, 0, 0]"
2885,"[1, 0, 0, 0, 0, 0]"
2886,"[1, 1, 0, 0, 1, 0]"
2888,"[1, 0, 1, 0, 0, 0]"
2889,"[1, 0, 0, 0, 0, 0]"
2890,"[0, 1, 1, 0, 1, 0]"
2891,"[1, 1, 0, 0, 0, 0]"
2894,"[1, 0, 0, 0, 0, 0]"
2896,"[1, 1, 0, 0, 0, 0]"
2897,"[1, 0, 0, 0, 0, 0]"
2900,"[1, 0, 0, 0, 0, 0]"
2901,"[1, 1, 0, 0, 0, 0]"
2902,"[1, 1, 0, 0, 0, 0]"
2903,"[0, 1, 0, 0, 0, 0]"
2904,"[0, 1, 0, 0, 0, 0]"
2905,"[1, 1, 0, 0, 0, 0]"
2906,"[0, 1, 0, 0, 0, 0]"
2907,"[1, 0, 0, 0, 0, 0]"
2910,"[1, 1, 0, 0, 0, 0]"
2911,"[1, 1, 0, 0, 1, 0]"
2912,"[1, 1, 1, 0, 0, 0]"
2913,"[0, 1, 0, 0, 0, 0]"
2915,"[1, 0, 0, 0, 0, 0]"
2916,"[0, 1, 1, 0, 0, 0]"
2917,"[0, 1, 0, 0, 0, 0]"
2918,"[0, 1, 0, 0, 0, 0]"
2919,"[1, 1, 0, 0, 0, 0]"
2920,"[1, 1, 1, 0, 0, 0]"
2921,"[1, 1, 1, 0, 1, 0]"
2926,"[1, 1, 0, 0, 0, 0]"
2927,"[1, 1, 0, 0, 0, 0]"
2928,"[1, 0, 0, 0, 1, 0]"
2929,"[1, 0, 1, 0, 1, 0]"
2930,"[1, 0, 1, 0, 1, 0]"
2932,"[0, 1, 1, 0, 1, 0]"
2935,"[1, 1, 1, 0, 1, 0]"
2936,"[1, 1, 1, 0, 1, 0]"
2937,"[1, 0, 1, 0, 0, 0]"
2938,"[0, 1, 0, 0, 0, 0]"
2939,"[1, 1, 0, 0, 0, 0]"
2940,"[1, 1, 0, 0, 0, 0]"
2941,"[0, 1, 0, 0, 0, 0]"
2942,"[0, 1, 1, 0, 0, 0]"
2943,"[0, 1, 0, 0, 0, 0]"
2944,"[1, 1, 0, 0, 0, 0]"
2945,"[0, 1, 1, 0, 0, 0]"
2947,"[1, 0, 0, 0, 1, 0]"
2948,"[1, 0, 0, 0, 1, 0]"
2949,"[0, 1, 0, 0, 0, 0]"
2950,"[1, 1, 1, 0, 0, 0]"
2951,"[1, 1, 0, 0, 0, 0]"
2952,"[0, 0, 1, 0, 0, 0]"
2955,"[0, 1, 1, 0, 0, 0]"
2956,"[0, 1, 1, 0, 0, 0]"
2957,"[0, 1, 0, 0, 0, 0]"
2958,"[0, 1, 0, 0, 0, 0]"
2959,"[0, 1, 0, 0, 0, 0]"
2960,"[1, 0, 0, 0, 0, 0]"
2963,"[1, 0, 0, 0, 0, 0]"
2964,"[1, 0, 0, 0, 0, 0]"
2965,"[1, 0, 0, 0, 0, 0]"
2966,"[1, 0, 0, 0, 0, 0]"
2967,"[0, 1, 0, 0, 1, 0]"
2968,"[1, 1, 0, 0, 0, 0]"
2969,"[1, 1, 0, 0, 0, 0]"
2970,"[1, 1, 0, 0, 0, 0]"
2971,"[1, 0, 0, 0, 0, 0]"
2972,"[0, 1, 0, 0, 0, 0]"
2973,"[1, 0, 0, 0, 0, 0]"
2974,"[1, 0, 0, 0, 0, 0]"
2975,"[1, 0, 0, 0, 0, 0]"
2976,"[1, 0, 0, 0, 0, 0]"
2977,"[1, 0, 0, 0, 0, 0]"
2978,"[1, 0, 0, 0, 0, 0]"
2979,"[1, 1, 0, 0, 0, 0]"
2980,"[1, 0, 0, 0, 0, 0]"
2981,"[1, 0, 0, 0, 1, 0]"
2982,"[1, 0, 0, 0, 1, 0]"
2983,"[1, 1, 0, 0, 1, 0]"
2984,"[1, 0, 0, 0, 1, 0]"
2985,"[1, 0, 0, 0, 1, 0]"
2989,"[0, 0, 1, 0, 0, 0]"
2990,"[1, 1, 0, 0, 0, 0]"
2993,"[0, 1, 0, 0, 0, 0]"
2994,"[1, 1, 0, 0, 0, 0]"
2995,"[0, 1, 0, 0, 1, 0]"
2997,"[1, 1, 0, 0, 1, 0]"
2998,"[1, 0, 0, 0, 0, 0]"
2999,"[1, 0, 0, 0, 0, 0]"
3000,"[1, 0, 0, 0, 0, 0]"
3001,"[0, 1, 0, 0, 0, 0]"
3002,"[0, 1, 0, 0, 1, 0]"
3003,"[1, 0, 0, 0, 0, 0]"
3004,"[0, 1, 0, 0, 0, 0]"
3005,"[0, 1, 0, 0, 0, 0]"
3006,"[0, 1, 0, 0, 0, 0]"
3007,"[1, 1, 0, 0, 0, 0]"
3008,"[0, 1, 0, 0, 0, 0]"
3009,"[0, 1, 0, 0, 0, 0]"
3010,"[0, 1, 0, 0, 0, 0]"
3012,"[1, 0, 0, 0, 0, 0]"
3013,"[1, 0, 0, 0, 0, 0]"
3014,"[1, 0, 0, 0, 0, 0]"
3015,"[1, 0, 0, 0, 0, 0]"
3016,"[1, 1, 0, 0, 0, 0]"
3022,"[1, 1, 0, 0, 1, 0]"
3023,"[1, 1, 0, 0, 0, 0]"
3024,"[0, 0, 0, 1, 0, 0]"
3025,"[0, 0, 0, 1, 0, 0]"
3026,"[0, 0, 0, 1, 0, 0]"
3030,"[0, 0, 0, 1, 0, 0]"
3031,"[0, 0, 0, 1, 0, 0]"
3032,"[0, 0, 0, 1, 0, 0]"
3033,"[0, 0, 0, 1, 0, 0]"
3034,"[0, 0, 0, 1, 0, 0]"
3035,"[0, 0, 0, 1, 0, 0]"
3036,"[1, 1, 0, 0, 1, 0]"
3037,"[0, 0, 1, 0, 0, 0]"
3038,"[0, 0, 0, 1, 0, 0]"
3040,"[1, 0, 0, 0, 1, 0]"
3043,"[0, 0, 0, 1, 0, 0]"
3044,"[0, 0, 0, 1, 0, 0]"
3045,"[0, 0, 0, 1, 0, 0]"
3046,"[0, 0, 0, 1, 0, 0]"
3047,"[0, 0, 0, 1, 0, 0]"
3048,"[0, 0, 0, 1, 0, 0]"
3049,"[0, 0, 0, 1, 0, 0]"
3052,"[1, 0, 1, 0, 0, 0]"
3053,"[1, 0, 1, 0, 0, 0]"
3055,"[0, 0, 0, 1, 0, 0]"
3056,"[0, 0, 0, 1, 0, 0]"
3057,"[0, 0, 0, 1, 0, 0]"
3058,"[0, 0, 0, 1, 0, 0]"
3059,"[0, 0, 0, 1, 0, 0]"
3060,"[0, 0, 0, 1, 0, 0]"
3061,"[0, 0, 0, 1, 0, 0]"
3065,"[0, 0, 0, 1, 0, 0]"
3066,"[0, 0, 0, 1, 0, 0]"
3067,"[0, 0, 0, 1, 0, 0]"
3068,"[0, 0, 0, 1, 0, 0]"
3069,"[0, 0, 0, 1, 0, 0]"
3070,"[0, 0, 0, 1, 0, 0]"
3072,"[1, 0, 0, 1, 0, 0]"
3075,"[0, 0, 0, 1, 0, 0]"
3076,"[0, 0, 0, 1, 0, 0]"
3077,"[0, 0, 0, 1, 0, 0]"
3078,"[0, 0, 0, 1, 0, 0]"
3079,"[0, 0, 0, 1, 0, 0]"
3080,"[0, 0, 0, 1, 0, 0]"
3081,"[0, 0, 0, 1, 0, 0]"
3085,"[0, 0, 0, 1, 0, 0]"
3086,"[0, 0, 0, 1, 0, 0]"
3088,"[0, 1, 1, 0, 1, 0]"
3089,"[0, 1, 1, 0, 1, 0]"
3091,"[0, 1, 1, 0, 1, 0]"
3092,"[1, 0, 0, 1, 0, 0]"
3093,"[0, 0, 0, 1, 0, 0]"
3094,"[0, 0, 0, 1, 0, 0]"
3095,"[1, 1, 0, 0, 1, 0]"
3096,"[0, 1, 0, 0, 1, 0]"
3097,"[0, 0, 0, 1, 0, 0]"
3098,"[0, 0, 0, 1, 0, 0]"
3103,"[0, 0, 0, 1, 0, 0]"
3104,"[1, 1, 0, 1, 0, 0]"
3105,"[0, 0, 0, 1, 0, 0]"
3106,"[0, 0, 0, 1, 0, 0]"
3107,"[0, 1, 0, 0, 0, 0]"
3108,"[0, 1, 1, 0, 1, 0]"
3111,"[0, 0, 0, 1, 0, 0]"
3112,"[0, 0, 0, 1, 0, 0]"
3113,"[0, 0, 1, 0, 1, 0]"
3114,"[1, 0, 0, 1, 0, 0]"
3117,"[0, 0, 0, 1, 0, 0]"
3118,"[1, 0, 1, 1, 0, 0]"
3119,"[0, 0, 0, 1, 0, 0]"
3120,"[0, 0, 0, 1, 0, 0]"
3121,"[0, 0, 0, 1, 0, 0]"
3122,"[0, 0, 0, 1, 0, 0]"
3123,"[0, 0, 0, 1, 0, 0]"
3126,"[1, 0, 0, 0, 1, 0]"
3128,"[1, 1, 0, 0, 1, 0]"
3129,"[1, 0, 0, 0, 1, 0]"
3130,"[1, 1, 0, 0, 1, 0]"
3131,"[1, 0, 0, 0, 1, 0]"
3132,"[0, 0, 0, 0, 1, 0]"
3133,"[0, 0, 0, 1, 0, 0]"
3134,"[0, 0, 0, 1, 0, 0]"
3135,"[0, 0, 0, 1, 0, 0]"
3136,"[0, 0, 0, 1, 0, 0]"
3137,"[0, 0, 0, 1, 0, 0]"
3138,"[0, 0, 0, 1, 0, 0]"
3139,"[0, 0, 0, 1, 0, 0]"
3144,"[1, 0, 0, 0, 1, 0]"
3145,"[1, 0, 0, 0, 1, 0]"
3146,"[1, 1, 0, 0, 1, 0]"
3147,"[1, 1, 0, 0, 1, 0]"
3148,"[0, 0, 0, 1, 0, 0]"
3149,"[1, 1, 1, 0, 0, 0]"
3150,"[0, 0, 0, 1, 0, 0]"
3151,"[0, 0, 0, 1, 0, 0]"
3152,"[0, 0, 0, 1, 0, 0]"
3153,"[0, 0, 0, 1, 0, 0]"
3154,"[0, 0, 0, 1, 0, 0]"
3155,"[0, 0, 0, 1, 0, 0]"
3159,"[0, 0, 0, 1, 0, 0]"
3160,"[0, 0, 0, 1, 0, 0]"
3161,"[0, 0, 0, 1, 0, 0]"
3162,"[0, 0, 0, 1, 0, 0]"
3163,"[0, 0, 0, 1, 0, 0]"
3164,"[0, 0, 0, 1, 0, 0]"
3165,"[0, 0, 0, 1, 0, 0]"
3169,"[0, 0, 0, 1, 0, 0]"
3170,"[0, 0, 0, 1, 0, 0]"
3171,"[0, 0, 0, 1, 0, 0]"
3172,"[0, 0, 0, 1, 0, 0]"
3173,"[0, 0, 0, 1, 0, 0]"
3174,"[0, 0, 0, 1, 0, 0]"
3177,"[0, 1, 0, 0, 1, 0]"
3178,"[0, 1, 0, 0, 0, 0]"
3179,"[0, 1, 0, 0, 0, 0]"
3181,"[1, 0, 0, 1, 0, 0]"
3183,"[0, 1, 0, 0, 0, 0]"
3184,"[1, 1, 1, 0, 0, 0]"
3185,"[0, 1, 0, 0, 0, 0]"
3186,"[0, 1, 0, 0, 0, 0]"
3188,"[0, 1, 0, 0, 0, 0]"
3189,"[0, 1, 0, 0, 0, 0]"
3190,"[1, 0, 0, 1, 0, 0]"
3191,"[0, 0, 0, 1, 0, 0]"
3192,"[0, 0, 0, 1, 0, 0]"
3193,"[0, 0, 0, 1, 0, 0]"
3194,"[0, 0, 0, 1, 0, 0]"
3195,"[0, 1, 0, 0, 0, 0]"
3197,"[0, 1, 0, 0, 0, 0]"
3198,"[0, 0, 0, 1, 0, 0]"
3199,"[0, 0, 0, 1, 0, 0]"
3202,"[0, 1, 1, 0, 1, 0]"
3207,"[0, 0, 0, 1, 0, 0]"
3208,"[0, 0, 1, 1, 0, 0]"
3209,"[0, 0, 0, 1, 0, 0]"
3210,"[0, 0, 0, 1, 0, 0]"
3211,"[0, 0, 0, 1, 0, 0]"
3212,"[0, 0, 0, 1, 0, 0]"
3215,"[1, 1, 0, 0, 0, 0]"
3216,"[0, 1, 0, 0, 0, 0]"
3217,"[0, 1, 0, 0, 0, 0]"
3218,"[1, 0, 0, 0, 0, 0]"
3219,"[0, 1, 0, 0, 0, 0]"
3220,"[1, 0, 0, 0, 0, 0]"
3221,"[1, 0, 0, 0, 0, 0]"
3223,"[0, 1, 1, 0, 0, 0]"
3224,"[0, 1, 0, 0, 0, 0]"
3225,"[1, 0, 0, 1, 0, 0]"
3227,"[0, 0, 0, 1, 0, 0]"
3228,"[0, 1, 0, 0, 0, 0]"
3229,"[1, 0, 0, 1, 0, 0]"
3230,"[0, 1, 0, 0, 0, 0]"
3231,"[0, 0, 0, 1, 0, 0]"
3232,"[0, 0, 0, 1, 0, 0]"
3236,"[1, 1, 0, 1, 0, 0]"
3237,"[0, 1, 0, 1, 0, 0]"
3238,"[0, 1, 1, 0, 0, 0]"
3239,"[0, 0, 0, 1, 0, 0]"
3240,"[0, 0, 0, 1, 0, 0]"
3241,"[0, 0, 0, 1, 0, 0]"
3242,"[0, 0, 1, 1, 0, 0]"
3243,"[0, 0, 0, 1, 0, 0]"
3249,"[0, 0, 0, 1, 0, 0]"
3250,"[0, 0, 0, 1, 0, 0]"
3251,"[0, 0, 0, 1, 0, 0]"
3252,"[0, 1, 0, 1, 0, 0]"
3253,"[0, 0, 0, 1, 0, 0]"
3254,"[0, 0, 0, 1, 0, 0]"
3255,"[0, 0, 0, 1, 0, 0]"
3260,"[0, 1, 1, 0, 1, 0]"
3261,"[0, 0, 0, 1, 0, 0]"
3262,"[0, 0, 0, 1, 0, 0]"
3263,"[0, 0, 0, 1, 0, 0]"
3264,"[0, 0, 0, 1, 0, 0]"
3265,"[0, 0, 0, 1, 0, 0]"
3266,"[0, 0, 0, 1, 0, 0]"
3267,"[0, 0, 0, 1, 0, 0]"
3269,"[1, 1, 1, 0, 1, 0]"
3272,"[0, 0, 0, 1, 0, 0]"
3273,"[0, 0, 0, 1, 0, 0]"
3275,"[0, 1, 0, 0, 1, 0]"
3276,"[0, 0, 0, 1, 0, 0]"
3277,"[1, 0, 0, 1, 0, 0]"
3278,"[0, 0, 0, 1, 0, 0]"
3279,"[1, 1, 1, 0, 1, 0]"
3280,"[1, 0, 1, 0, 1, 0]"
3281,"[1, 0, 0, 0, 0, 0]"
3282,"[1, 1, 0, 0, 0, 0]"
3286,"[0, 1, 0, 0, 1, 0]"
3287,"[0, 0, 0, 1, 0, 0]"
3288,"[0, 0, 0, 1, 0, 0]"
3293,"[0, 0, 0, 1, 0, 0]"
3294,"[0, 0, 0, 1, 0, 0]"
3298,"[0, 0, 0, 1, 0, 0]"
3299,"[0, 0, 0, 1, 0, 0]"
3300,"[0, 0, 0, 1, 0, 0]"
3304,"[0, 0, 1, 1, 0, 0]"
3305,"[1, 1, 1, 0, 1, 0]"
3306,"[0, 0, 0, 1, 0, 0]"
3307,"[0, 0, 0, 1, 0, 0]"
3308,"[1, 1, 0, 0, 1, 0]"
3310,"[0, 1, 0, 0, 0, 0]"
3311,"[0, 0, 0, 1, 0, 0]"
3312,"[0, 0, 0, 1, 0, 0]"
3313,"[0, 0, 0, 1, 0, 0]"
3314,"[0, 0, 0, 1, 0, 0]"
3315,"[0, 0, 0, 1, 0, 0]"
3319,"[0, 0, 0, 1, 0, 0]"
3320,"[0, 1, 0, 0, 0, 0]"
3321,"[0, 0, 0, 1, 0, 0]"
3322,"[0, 0, 0, 1, 0, 0]"
3323,"[0, 0, 0, 1, 0, 0]"
3324,"[1, 0, 0, 1, 0, 0]"
3325,"[0, 0, 0, 1, 0, 0]"
3326,"[0, 0, 0, 1, 0, 0]"
3330,"[0, 0, 0, 1, 0, 0]"
3331,"[0, 0, 0, 1, 0, 0]"
3332,"[0, 0, 0, 1, 0, 0]"
3333,"[0, 0, 0, 1, 0, 0]"
3334,"[0, 0, 0, 1, 0, 0]"
3335,"[1, 0, 1, 1, 0, 0]"
3336,"[0, 0, 0, 1, 0, 0]"
3337,"[0, 0, 0, 0, 1, 0]"
3339,"[0, 0, 1, 0, 0, 0]"
3341,"[1, 0, 1, 0, 1, 0]"
3342,"[0, 1, 0, 0, 1, 0]"
3343,"[0, 0, 0, 0, 1, 0]"
3344,"[0, 0, 0, 0, 1, 0]"
3346,"[0, 1, 0, 0, 0, 0]"
3347,"[0, 1, 0, 0, 1, 0]"
3349,"[0, 1, 0, 0, 1, 0]"
3350,"[0, 1, 0, 0, 1, 0]"
3351,"[1, 1, 0, 0, 1, 0]"
3352,"[0, 1, 0, 0, 1, 0]"
3353,"[0, 0, 0, 0, 1, 0]"
3356,"[0, 1, 0, 0, 0, 0]"
3357,"[0, 1, 1, 0, 1, 0]"
3358,"[0, 0, 0, 0, 1, 0]"
3359,"[0, 1, 0, 0, 1, 0]"
3360,"[1, 1, 0, 0, 1, 0]"
3361,"[0, 0, 0, 0, 1, 0]"
3363,"[1, 1, 0, 0, 0, 0]"
3364,"[1, 1, 0, 0, 0, 0]"
3365,"[0, 1, 0, 0, 1, 0]"
3366,"[0, 0, 0, 0, 1, 0]"
3374,"[0, 0, 0, 0, 1, 0]"
3375,"[0, 0, 0, 0, 1, 0]"
3376,"[0, 0, 0, 0, 1, 0]"
3377,"[0, 0, 0, 0, 1, 0]"
3378,"[0, 0, 0, 0, 1, 0]"
3379,"[0, 0, 0, 0, 1, 0]"
3380,"[0, 0, 0, 0, 1, 0]"
3381,"[0, 0, 0, 0, 1, 0]"
3383,"[0, 1, 0, 0, 1, 0]"
3384,"[0, 1, 0, 0, 0, 0]"
3385,"[0, 0, 0, 0, 1, 0]"
3386,"[0, 0, 0, 0, 1, 0]"
3387,"[0, 1, 0, 0, 0, 0]"
3388,"[0, 1, 0, 0, 0, 0]"
3389,"[0, 1, 0, 0, 0, 0]"
3390,"[1, 0, 0, 0, 1, 0]"
3391,"[1, 0, 0, 0, 1, 0]"
3393,"[0, 0, 1, 0, 1, 0]"
3394,"[1, 0, 0, 0, 1, 0]"
3396,"[0, 0, 1, 0, 0, 0]"
3398,"[0, 0, 0, 0, 0, 1]"
3400,"[0, 1, 0, 0, 1, 0]"
3401,"[0, 1, 0, 0, 1, 0]"
3403,"[0, 1, 0, 0, 1, 0]"
3404,"[0, 1, 0, 0, 0, 0]"
3405,"[0, 1, 0, 0, 0, 0]"
3406,"[0, 1, 0, 0, 0, 0]"
3409,"[1, 1, 1, 0, 1, 0]"
3410,"[1, 1, 1, 0, 1, 0]"
3411,"[1, 1, 1, 1, 1, 0]"
3412,"[1, 1, 0, 0, 1, 0]"
3413,"[1, 1, 0, 0, 0, 0]"
3415,"[1, 0, 0, 0, 0, 0]"
3416,"[0, 1, 0, 0, 0, 0]"
3417,"[0, 1, 0, 0, 0, 0]"
3419,"[0, 1, 0, 0, 0, 0]"
3420,"[0, 1, 0, 0, 0, 0]"
3421,"[0, 1, 0, 0, 1, 0]"
3422,"[0, 1, 0, 0, 0, 0]"
3423,"[0, 1, 0, 0, 0, 0]"
3425,"[0, 1, 0, 0, 0, 0]"
3429,"[0, 0, 1, 0, 1, 0]"
3430,"[1, 1, 0, 0, 0, 0]"
3435,"[0, 1, 0, 0, 1, 0]"
3436,"[0, 1, 0, 0, 0, 0]"
3437,"[0, 1, 0, 0, 0, 0]"
3439,"[1, 1, 0, 0, 1, 0]"
3440,"[1, 1, 0, 0, 1, 0]"
3443,"[0, 0, 0, 0, 1, 0]"
3444,"[0, 0, 0, 0, 1, 0]"
3446,"[0, 1, 0, 0, 0, 0]"
3449,"[1, 1, 0, 0, 0, 0]"
3452,"[0, 1, 0, 0, 0, 0]"
3453,"[0, 1, 0, 0, 0, 0]"
3455,"[1, 1, 0, 0, 0, 0]"
3456,"[0, 1, 0, 0, 0, 0]"
3458,"[1, 1, 0, 0, 0, 0]"
3459,"[0, 1, 0, 0, 0, 0]"
3460,"[0, 1, 0, 0, 0, 0]"
3461,"[0, 1, 0, 0, 0, 0]"
3462,"[0, 0, 0, 1, 0, 0]"
3463,"[0, 1, 0, 0, 0, 0]"
3465,"[0, 1, 0, 0, 0, 0]"
3466,"[0, 1, 0, 0, 0, 0]"
3468,"[0, 1, 0, 0, 0, 0]"
3469,"[1, 1, 0, 0, 0, 0]"
3471,"[1, 1, 0, 0, 0, 0]"
3473,"[0, 0, 1, 0, 1, 0]"
3476,"[0, 1, 0, 0, 0, 0]"
3480,"[0, 1, 1, 0, 1, 0]"
3483,"[1, 1, 0, 0, 0, 0]"
3484,"[0, 1, 0, 0, 0, 0]"
3485,"[1, 1, 0, 0, 0, 0]"
3486,"[0, 1, 0, 0, 0, 0]"
3487,"[0, 1, 0, 0, 0, 0]"
3488,"[0, 1, 0, 0, 0, 0]"
3489,"[0, 1, 0, 0, 0, 0]"
3490,"[0, 1, 0, 0, 0, 0]"
3491,"[0, 1, 0, 0, 0, 0]"
3499,"[0, 1, 0, 0, 0, 0]"
3500,"[0, 1, 0, 0, 0, 0]"
3501,"[0, 1, 0, 0, 0, 0]"
3502,"[0, 1, 0, 0, 0, 0]"
3503,"[1, 0, 0, 0, 0, 0]"
3504,"[0, 1, 0, 0, 0, 0]"
3505,"[1, 0, 0, 0, 0, 0]"
3506,"[0, 1, 0, 0, 0, 0]"
3507,"[0, 1, 0, 0, 0, 0]"
3508,"[0, 1, 0, 0, 0, 0]"
3509,"[0, 1, 0, 0, 0, 0]"
3511,"[0, 1, 0, 0, 0, 0]"
3513,"[0, 1, 1, 0, 0, 0]"
3514,"[0, 1, 1, 0, 0, 0]"
3515,"[0, 1, 0, 0, 0, 0]"
3517,"[0, 1, 0, 0, 0, 0]"
3518,"[0, 1, 0, 0, 0, 0]"
3519,"[0, 1, 0, 0, 0, 0]"
3520,"[1, 0, 0, 0, 0, 0]"
3522,"[0, 1, 0, 0, 0, 0]"
3523,"[0, 1, 0, 0, 0, 0]"
3524,"[0, 1, 0, 0, 0, 0]"
3525,"[1, 1, 0, 0, 0, 0]"
3526,"[1, 1, 0, 0, 0, 0]"
3527,"[0, 1, 0, 0, 0, 0]"
3528,"[0, 1, 0, 0, 0, 0]"
3529,"[0, 1, 0, 0, 0, 0]"
3530,"[0, 1, 0, 0, 0, 0]"
3531,"[0, 1, 0, 0, 0, 0]"
3532,"[1, 1, 1, 0, 0, 0]"
3536,"[0, 1, 0, 0, 0, 0]"
3537,"[1, 1, 0, 0, 0, 0]"
3538,"[0, 1, 0, 0, 0, 0]"
3539,"[1, 1, 0, 0, 0, 0]"
3540,"[0, 0, 0, 1, 0, 0]"
3544,"[0, 1, 0, 0, 0, 0]"
3545,"[0, 1, 1, 0, 0, 0]"
3546,"[1, 1, 0, 0, 0, 0]"
3547,"[1, 0, 0, 0, 0, 0]"
3548,"[1, 1, 0, 1, 0, 0]"
3549,"[0, 1, 0, 0, 0, 0]"
3551,"[1, 0, 0, 0, 0, 0]"
3552,"[1, 0, 0, 0, 0, 0]"
3553,"[0, 1, 0, 0, 0, 0]"
3557,"[0, 1, 0, 0, 0, 0]"
3558,"[1, 1, 0, 0, 0, 0]"
3559,"[0, 1, 0, 0, 0, 0]"
3560,"[0, 1, 0, 0, 0, 0]"
3563,"[1, 1, 0, 0, 0, 0]"
3564,"[0, 1, 0, 0, 0, 0]"
3565,"[0, 1, 0, 0, 0, 0]"
3566,"[0, 1, 1, 0, 0, 0]"
3567,"[0, 1, 0, 0, 0, 0]"
3568,"[0, 1, 0, 0, 0, 0]"
3569,"[1, 1, 0, 0, 0, 0]"
3570,"[0, 1, 0, 0, 0, 0]"
3571,"[1, 1, 0, 0, 0, 0]"
3572,"[1, 1, 1, 0, 0, 0]"
3575,"[0, 1, 1, 0, 0, 0]"
3578,"[1, 1, 0, 0, 0, 0]"
3579,"[0, 1, 0, 0, 0, 0]"
3580,"[1, 1, 0, 0, 0, 0]"
3581,"[1, 1, 0, 0, 0, 0]"
3582,"[1, 1, 0, 0, 0, 0]"
3583,"[0, 1, 0, 0, 0, 0]"
3584,"[0, 1, 0, 0, 0, 0]"
3585,"[1, 1, 0, 0, 1, 0]"
3587,"[1, 1, 1, 0, 0, 0]"
3588,"[0, 1, 0, 0, 0, 0]"
3591,"[1, 0, 0, 0, 0, 0]"
3592,"[1, 1, 0, 0, 0, 0]"
3593,"[1, 1, 0, 0, 0, 0]"
3595,"[0, 1, 0, 0, 0, 0]"
3596,"[1, 1, 0, 0, 1, 0]"
3597,"[0, 1, 0, 0, 0, 0]"
3598,"[0, 1, 0, 0, 0, 0]"
3599,"[0, 1, 0, 0, 0, 0]"
3600,"[1, 1, 1, 0, 0, 0]"
3601,"[0, 1, 0, 0, 0, 0]"
3602,"[1, 1, 0, 0, 0, 0]"
3603,"[0, 1, 0, 0, 0, 0]"
3604,"[0, 1, 0, 0, 0, 0]"
3605,"[0, 1, 0, 0, 0, 0]"
3606,"[0, 1, 1, 0, 0, 0]"
3607,"[0, 1, 1, 0, 0, 0]"
3608,"[0, 1, 0, 0, 0, 0]"
3609,"[0, 1, 0, 0, 0, 0]"
3610,"[1, 1, 0, 0, 0, 0]"
3611,"[0, 1, 0, 0, 0, 0]"
3615,"[0, 1, 0, 0, 0, 0]"
3616,"[0, 1, 1, 0, 0, 0]"
3617,"[0, 1, 0, 0, 0, 0]"
3618,"[0, 1, 0, 0, 0, 0]"
3619,"[0, 1, 0, 0, 0, 0]"
3620,"[0, 1, 0, 0, 0, 0]"
3621,"[0, 1, 0, 0, 0, 0]"
3622,"[0, 1, 0, 0, 0, 0]"
3623,"[0, 1, 0, 0, 0, 0]"
3624,"[1, 1, 0, 0, 0, 0]"
3625,"[0, 1, 0, 0, 0, 0]"
3628,"[0, 1, 0, 0, 0, 0]"
3629,"[0, 1, 0, 0, 0, 0]"
3630,"[0, 1, 0, 0, 0, 0]"
3631,"[1, 1, 0, 0, 0, 0]"
3632,"[0, 1, 0, 0, 0, 0]"
3633,"[0, 1, 0, 0, 0, 0]"
3638,"[0, 1, 0, 0, 0, 0]"
3639,"[0, 1, 0, 0, 0, 0]"
3640,"[0, 1, 0, 0, 0, 0]"
3641,"[1, 1, 0, 0, 0, 0]"
3642,"[0, 1, 0, 0, 0, 0]"
3643,"[0, 1, 0, 0, 0, 0]"
3644,"[0, 1, 0, 0, 0, 0]"
3645,"[0, 1, 0, 0, 0, 0]"
3646,"[1, 1, 0, 0, 0, 0]"
3647,"[1, 0, 1, 0, 0, 0]"
3648,"[0, 1, 0, 0, 0, 0]"
3652,"[0, 1, 0, 0, 0, 0]"
3653,"[1, 1, 0, 0, 0, 0]"
3654,"[1, 1, 0, 0, 0, 0]"
3655,"[0, 1, 0, 0, 0, 0]"
3660,"[0, 1, 0, 0, 0, 0]"
3661,"[0, 1, 0, 0, 0, 0]"
3662,"[0, 1, 0, 0, 0, 0]"
3663,"[1, 1, 0, 0, 0, 0]"
3664,"[1, 0, 0, 0, 0, 0]"
3665,"[0, 1, 0, 0, 0, 0]"
3666,"[0, 1, 0, 0, 0, 0]"
3667,"[0, 1, 0, 0, 0, 0]"
3668,"[0, 1, 0, 0, 0, 0]"
3669,"[0, 1, 0, 0, 0, 0]"
3670,"[0, 0, 1, 0, 0, 0]"
3674,"[0, 1, 0, 0, 0, 0]"
3675,"[0, 1, 0, 0, 0, 0]"
3676,"[0, 1, 0, 0, 0, 0]"
3677,"[1, 1, 0, 0, 0, 0]"
3678,"[0, 1, 0, 0, 0, 0]"
3679,"[0, 1, 0, 0, 0, 0]"
3680,"[0, 1, 0, 0, 0, 0]"
3681,"[0, 1, 0, 0, 0, 0]"
3682,"[0, 1, 0, 0, 0, 0]"
3685,"[0, 1, 0, 0, 0, 0]"
3686,"[1, 0, 0, 0, 1, 0]"
3687,"[0, 1, 0, 0, 0, 0]"
3688,"[0, 1, 0, 0, 0, 0]"
3689,"[1, 0, 0, 0, 0, 0]"
3692,"[0, 1, 0, 0, 0, 0]"
3693,"[0, 1, 0, 0, 0, 0]"
3694,"[0, 0, 1, 0, 0, 0]"
3697,"[1, 1, 0, 0, 0, 0]"
3698,"[0, 1, 0, 0, 0, 0]"
3700,"[0, 1, 0, 0, 0, 0]"
3701,"[1, 0, 0, 0, 0, 0]"
3702,"[1, 0, 0, 0, 0, 0]"
3709,"[1, 0, 0, 0, 0, 0]"
3713,"[1, 0, 0, 0, 0, 0]"
3715,"[0, 1, 0, 0, 0, 0]"
3716,"[0, 1, 0, 0, 0, 0]"
3717,"[1, 0, 0, 0, 0, 0]"
3718,"[0, 1, 0, 0, 0, 0]"
3719,"[0, 1, 0, 0, 0, 0]"
3723,"[0, 1, 0, 0, 0, 0]"
3724,"[0, 1, 0, 0, 0, 0]"
3725,"[0, 1, 1, 0, 0, 0]"
3726,"[1, 0, 0, 0, 0, 0]"
3727,"[0, 0, 0, 1, 0, 0]"
3728,"[0, 0, 0, 1, 0, 0]"
3729,"[0, 0, 0, 1, 0, 0]"
3730,"[0, 0, 0, 1, 0, 0]"
3731,"[0, 0, 0, 1, 0, 0]"
3732,"[1, 0, 1, 0, 1, 0]"
3733,"[1, 1, 1, 0, 1, 0]"
3736,"[1, 0, 0, 0, 0, 0]"
3737,"[0, 0, 0, 1, 0, 0]"
3738,"[0, 1, 1, 0, 0, 0]"
3739,"[1, 1, 1, 0, 1, 1]"
3740,"[1, 1, 1, 0, 0, 0]"
3741,"[1, 1, 1, 0, 1, 0]"
3742,"[0, 1, 1, 0, 0, 0]"
3746,"[1, 0, 0, 1, 0, 0]"
3747,"[1, 0, 0, 0, 0, 0]"
3750,"[0, 1, 1, 0, 0, 0]"
3751,"[0, 1, 1, 0, 0, 0]"
3752,"[1, 1, 1, 0, 0, 0]"
3754,"[0, 0, 0, 1, 0, 0]"
3755,"[0, 0, 0, 1, 0, 0]"
3756,"[1, 1, 0, 0, 1, 0]"
3757,"[0, 0, 1, 0, 0, 0]"
3758,"[0, 0, 1, 0, 0, 0]"
3759,"[0, 0, 1, 0, 0, 0]"
3760,"[0, 1, 0, 0, 0, 0]"
3761,"[1, 1, 1, 0, 0, 0]"
3762,"[0, 0, 0, 1, 0, 0]"
3763,"[0, 0, 0, 1, 0, 0]"
3764,"[0, 1, 1, 0, 1, 0]"
3765,"[0, 0, 0, 1, 0, 0]"
3766,"[1, 0, 0, 1, 0, 0]"
3767,"[0, 0, 0, 1, 0, 0]"
3771,"[0, 0, 0, 1, 0, 0]"
3772,"[0, 0, 0, 1, 0, 0]"
3773,"[1, 0, 0, 1, 0, 0]"
3774,"[1, 0, 0, 0, 0, 0]"
3775,"[0, 0, 0, 1, 0, 0]"
3776,"[0, 0, 0, 1, 0, 0]"
3777,"[0, 0, 0, 1, 0, 0]"
3778,"[1, 1, 0, 0, 1, 0]"
3779,"[1, 1, 0, 0, 1, 0]"
3780,"[1, 1, 0, 0, 1, 0]"
3781,"[0, 1, 0, 0, 0, 0]"
3784,"[1, 0, 0, 1, 0, 0]"
3786,"[0, 0, 0, 1, 0, 0]"
3787,"[1, 0, 0, 1, 0, 0]"
3788,"[0, 0, 0, 1, 0, 0]"
3790,"[0, 0, 0, 1, 0, 0]"
3791,"[0, 0, 0, 1, 0, 0]"
3792,"[0, 0, 0, 1, 0, 0]"
3794,"[1, 0, 0, 1, 0, 0]"
3797,"[0, 0, 0, 1, 0, 0]"
3798,"[0, 0, 0, 1, 0, 0]"
3799,"[0, 0, 0, 1, 0, 0]"
3800,"[0, 0, 0, 1, 0, 0]"
3801,"[0, 0, 0, 1, 0, 0]"
3802,"[0, 0, 0, 1, 0, 0]"
3803,"[0, 0, 0, 1, 0, 0]"
3807,"[0, 0, 0, 1, 0, 0]"
3808,"[0, 0, 0, 1, 0, 0]"
3809,"[0, 0, 0, 1, 0, 0]"
3810,"[0, 0, 0, 1, 0, 0]"
3811,"[0, 0, 0, 1, 0, 0]"
3814,"[0, 0, 0, 1, 0, 0]"
3815,"[1, 0, 1, 0, 1, 0]"
3816,"[0, 0, 1, 0, 1, 0]"
3817,"[0, 0, 0, 1, 0, 0]"
3819,"[0, 0, 0, 1, 0, 0]"
3820,"[1, 1, 0, 0, 0, 0]"
3821,"[1, 1, 0, 0, 0, 0]"
3822,"[1, 0, 0, 1, 0, 0]"
3824,"[0, 1, 0, 0, 0, 0]"
3825,"[1, 1, 0, 0, 1, 0]"
3826,"[0, 1, 0, 0, 0, 0]"
3827,"[1, 1, 1, 0, 0, 0]"
3835,"[1, 0, 1, 0, 0, 0]"
3837,"[0, 1, 1, 0, 1, 0]"
3838,"[0, 1, 1, 0, 0, 0]"
3839,"[0, 1, 0, 0, 0, 0]"
3841,"[1, 0, 0, 0, 0, 0]"
3844,"[1, 1, 0, 0, 1, 0]"
3845,"[1, 0, 1, 0, 1, 0]"
3846,"[0, 1, 1, 1, 1, 0]"
3847,"[0, 1, 0, 1, 0, 0]"
3848,"[0, 1, 1, 0, 1, 0]"
3850,"[1, 0, 0, 0, 0, 0]"
3851,"[0, 0, 0, 0, 1, 0]"
3852,"[1, 1, 0, 0, 1, 0]"
3853,"[0, 1, 0, 0, 1, 0]"
3854,"[0, 0, 0, 1, 0, 0]"
3855,"[0, 0, 0, 1, 0, 0]"
3856,"[0, 0, 0, 1, 0, 0]"
3857,"[0, 0, 0, 1, 0, 0]"
3860,"[0, 1, 0, 0, 0, 0]"
3861,"[1, 1, 0, 0, 0, 0]"
3862,"[1, 0, 0, 0, 1, 0]"
3863,"[1, 1, 0, 0, 0, 0]"
3864,"[1, 1, 0, 0, 0, 0]"
3865,"[1, 0, 0, 0, 0, 0]"
3866,"[1, 0, 0, 0, 0, 0]"
3867,"[1, 1, 1, 0, 1, 0]"
3868,"[1, 0, 1, 0, 1, 1]"
3869,"[1, 1, 1, 0, 1, 0]"
3870,"[0, 1, 0, 0, 0, 0]"
3871,"[0, 0, 0, 1, 0, 0]"
3873,"[0, 1, 0, 0, 0, 0]"
3877,"[0, 0, 0, 1, 0, 0]"
3878,"[0, 0, 0, 1, 0, 0]"
3880,"[0, 0, 0, 1, 0, 0]"
3881,"[0, 0, 0, 1, 0, 0]"
3882,"[0, 0, 0, 1, 0, 0]"
3883,"[1, 1, 1, 0, 1, 0]"
3884,"[1, 1, 1, 0, 1, 0]"
3885,"[0, 0, 0, 1, 0, 0]"
3886,"[1, 0, 0, 0, 0, 1]"
3888,"[1, 0, 0, 0, 1, 1]"
3890,"[1, 1, 1, 0, 0, 0]"
3891,"[1, 0, 0, 0, 0, 0]"
3892,"[1, 1, 0, 0, 1, 0]"
3893,"[0, 1, 0, 0, 0, 0]"
3894,"[0, 1, 0, 0, 0, 0]"
3895,"[0, 0, 0, 0, 0, 1]"
3897,"[0, 0, 0, 1, 0, 0]"
3898,"[0, 0, 0, 1, 0, 0]"
3899,"[0, 1, 0, 0, 0, 0]"
3900,"[0, 0, 0, 1, 0, 0]"
3901,"[0, 0, 0, 1, 0, 0]"
3902,"[0, 0, 0, 1, 0, 0]"
3903,"[0, 0, 0, 1, 0, 0]"
3904,"[0, 0, 0, 1, 0, 0]"
3907,"[0, 1, 1, 0, 0, 0]"
3911,"[0, 0, 0, 1, 0, 0]"
3913,"[1, 0, 0, 0, 0, 0]"
3914,"[0, 0, 0, 1, 0, 0]"
3915,"[1, 0, 0, 0, 0, 0]"
3916,"[1, 1, 1, 0, 1, 1]"
3917,"[1, 0, 0, 0, 0, 0]"
3918,"[0, 0, 0, 1, 0, 0]"
3919,"[0, 0, 0, 1, 0, 0]"
3920,"[0, 0, 0, 1, 0, 0]"
3921,"[0, 1, 0, 0, 0, 0]"
3922,"[0, 1, 0, 0, 0, 0]"
3923,"[1, 0, 0, 1, 0, 0]"
3924,"[0, 0, 0, 1, 0, 0]"
3926,"[0, 0, 0, 0, 0, 1]"
3927,"[1, 0, 1, 0, 1, 0]"
3928,"[1, 1, 0, 0, 0, 0]"
3931,"[0, 0, 0, 1, 0, 0]"
3932,"[1, 1, 0, 0, 0, 0]"
3933,"[0, 0, 0, 1, 0, 0]"
3934,"[0, 0, 0, 1, 0, 0]"
3936,"[0, 1, 1, 0, 0, 0]"
3937,"[0, 1, 0, 0, 0, 0]"
3939,"[1, 1, 0, 0, 1, 0]"
3940,"[0, 0, 0, 1, 0, 0]"
3941,"[1, 1, 0, 0, 0, 0]"
3942,"[1, 0, 0, 0, 1, 0]"
3943,"[1, 1, 0, 0, 0, 0]"
3944,"[1, 1, 0, 1, 0, 0]"
3945,"[0, 0, 0, 1, 0, 0]"
3946,"[1, 1, 0, 0, 0, 0]"
3949,"[0, 0, 0, 1, 0, 0]"
3950,"[1, 0, 1, 0, 1, 0]"
3951,"[0, 1, 0, 0, 0, 0]"
3952,"[0, 0, 0, 1, 0, 0]"
3953,"[0, 0, 0, 1, 0, 0]"
3954,"[0, 0, 0, 1, 0, 0]"
3955,"[0, 1, 0, 0, 0, 0]"
3957,"[0, 0, 0, 1, 0, 0]"
3958,"[0, 0, 0, 1, 0, 0]"
3964,"[1, 1, 1, 0, 1, 0]"
3965,"[0, 1, 1, 0, 1, 0]"
3968,"[1, 1, 0, 0, 0, 0]"
3969,"[1, 0, 0, 1, 1, 0]"
3970,"[1, 0, 0, 1, 0, 0]"
3971,"[0, 0, 0, 1, 0, 0]"
3972,"[0, 0, 0, 1, 0, 0]"
3973,"[0, 0, 0, 1, 0, 0]"
3974,"[0, 0, 0, 1, 0, 0]"
3975,"[0, 0, 0, 1, 0, 0]"
3976,"[0, 0, 0, 1, 0, 0]"
3978,"[1, 1, 0, 0, 0, 0]"
3979,"[1, 0, 0, 0, 0, 0]"
3980,"[1, 0, 0, 0, 0, 0]"
3981,"[1, 0, 0, 0, 0, 0]"
3983,"[0, 1, 0, 0, 0, 0]"
3984,"[0, 0, 0, 1, 0, 0]"
3985,"[0, 1, 0, 0, 0, 0]"
3986,"[0, 1, 1, 0, 0, 0]"
3987,"[0, 0, 0, 1, 0, 0]"
3988,"[0, 0, 0, 1, 0, 0]"
3989,"[0, 0, 0, 1, 0, 0]"
3990,"[0, 0, 0, 1, 0, 0]"
3997,"[0, 0, 0, 1, 0, 0]"
3998,"[1, 1, 1, 0, 0, 0]"
4000,"[1, 0, 0, 0, 0, 1]"
